global_component_id	fold
V0GC_000e6fb98659ac06	5
V0GC_0013c8eecfbee9cc	2
V0GC_0027c59868db4f13	3
V0GC_003ce08e890b541c	4
V0GC_005cd01f988ce0ef	4
V0GC_0060be42b8c0167e	4
V0GC_006a9e00c9c5d199	3
V0GC_00729822e3ca72a2	3
V0GC_0077ca5fc1a365d1	1
V0GC_0083da170d935b74	3
V0GC_009ed818a8d7754e	2
V0GC_00a4d4f71dfd4e03	1
V0GC_00a98823bf7ab4a0	2
V0GC_00c412f855b428fd	2
V0GC_00cd8a6f84bdab89	2
V0GC_00eb509a61e2a8c5	4
V0GC_0105959209bc55a7	4
V0GC_0108427e7486978b	4
V0GC_011c142a1b5d3608	1
V0GC_0124493a1fc2d7b4	2
V0GC_012dbc15cf93ce08	5
V0GC_012f1fe6db395daf	3
V0GC_013c014141bfd79e	3
V0GC_0154bb12cf2b581b	4
V0GC_016130f247716d73	1
V0GC_0166b2d2f5e55afb	5
V0GC_017128c631f73ae7	1
V0GC_0171edc582d01dec	2
V0GC_017741bde6134121	3
V0GC_0187a89a67c19480	5
V0GC_018bb5c3cedfe3b1	4
V0GC_019cedb8c45328da	3
V0GC_019f3f3ba4158033	3
V0GC_01a7253284550918	4
V0GC_01ada642e5774673	2
V0GC_01b07b5ae7a00eef	3
V0GC_01d345de18d7493a	2
V0GC_01e3b2c68dd8182c	5
V0GC_01ee83ea7e272f5a	5
V0GC_020576a0dc1e59c5	5
V0GC_0206c1791a8c5b15	2
V0GC_021b10837c95e268	3
V0GC_021ece653457a63e	4
V0GC_022b1a38feec3af3	2
V0GC_0248fcbdd1b879a8	1
V0GC_02549876defddd7f	5
V0GC_0262209168f4dfa0	4
V0GC_027269396cb88d1f	4
V0GC_0277bf600db70026	1
V0GC_02855d1adf2b4618	3
V0GC_028879131dfdfa96	5
V0GC_028c16beec2b1d97	4
V0GC_02a51351b5aed685	1
V0GC_02b705c27f131ab8	5
V0GC_02bca86f6266bfa2	2
V0GC_02c216813e417594	3
V0GC_02eac124c5c84b7b	3
V0GC_02f57db91693de21	3
V0GC_030cf4c40ab7ca70	4
V0GC_0317440db124801d	2
V0GC_03177b75b6faf3fe	3
V0GC_032841aecec02795	4
V0GC_032be374fc4aa501	5
V0GC_033b428ea7e7f825	2
V0GC_0341bf9320681f55	5
V0GC_03472a8f5155b673	2
V0GC_036b58d73fe76fbf	5
V0GC_036febf3fe4866fb	3
V0GC_03704aed94fb08f0	2
V0GC_03711418722a65f2	3
V0GC_038ac0f7e62558b8	4
V0GC_0396884b30c35c86	5
V0GC_039b542da692ae50	1
V0GC_03b64052eb918a4e	2
V0GC_03ca754b05431a94	4
V0GC_03d02491bd1324d2	2
V0GC_03d0f3de55dc63ee	5
V0GC_0406836a37834b41	2
V0GC_04158d797060f523	4
V0GC_04159ff182573295	2
V0GC_0420e88a63b1ffd6	2
V0GC_0424477a820df079	2
V0GC_04357f10fb823aff	5
V0GC_043f03442894877a	5
V0GC_0444bedd2bac2d2c	3
V0GC_0464361a624db0c0	3
V0GC_048b3596c5d619c7	1
V0GC_048c4c5f0cc968bf	2
V0GC_0490cb91f45dda2b	1
V0GC_049bd5031395a025	4
V0GC_04da3571735aec99	1
V0GC_04dd1044f798f98f	5
V0GC_04e44458483edbbb	2
V0GC_04e5d5de3a591e9d	1
V0GC_04ee05d0e52e0efe	3
V0GC_04fd11dc06c86478	1
V0GC_05050d4eb1b66c9d	4
V0GC_050890568b864aeb	4
V0GC_050fd53d00c166cf	3
V0GC_051b2b7323c3d2d1	3
V0GC_05233fa4d1afe19d	1
V0GC_05271ab4fad017ed	3
V0GC_05292edc37b2922b	5
V0GC_05394efd83ebc2ee	1
V0GC_053ac98637ca109a	2
V0GC_0558f48ff4af4943	4
V0GC_0568c22ebd6c0310	1
V0GC_0575c6d736e48fa7	1
V0GC_05773449207bcaf3	5
V0GC_05838fd96ee53f55	5
V0GC_05872ac6033b6133	5
V0GC_058b604c98725b33	3
V0GC_05b9ecf29b99f6dc	2
V0GC_05c039bf45b71864	5
V0GC_05c34ddd53e9c64c	2
V0GC_05cacde0d3e79d4d	1
V0GC_05d9afa3973d8693	3
V0GC_05efbb3a044630ab	3
V0GC_05fa6fdd390faed7	1
V0GC_05fa7cec3f67f051	1
V0GC_05fee211127934f6	1
V0GC_061e4fddd335cd57	4
V0GC_06323ce3a5a40abd	1
V0GC_0635d779c21b1d2c	3
V0GC_063f03508606926e	5
V0GC_064069d7c0a71e29	4
V0GC_0649371d246733ae	4
V0GC_064a4bd1e21ecd3b	5
V0GC_0655bbfd07ed1821	3
V0GC_0664af48bcff4692	4
V0GC_066eeeb24fe3a5c5	3
V0GC_0671a1afe77a9885	4
V0GC_0677d6394d7a8a59	3
V0GC_069300aa716c4971	5
V0GC_069b03c30c7b2295	5
V0GC_06ae18c31c9fb197	1
V0GC_06ae5df3cf4a3dab	1
V0GC_06aeaf5a1e37648c	2
V0GC_06c210345d1b638a	2
V0GC_06ceb3b1581db938	5
V0GC_06da7ff91daf44a5	5
V0GC_070446b1627d4c0c	2
V0GC_070e6e94e604f2c6	5
V0GC_0711f45c1ef20d7d	4
V0GC_0719c1a789fee3e6	4
V0GC_071be5b208cea5c1	3
V0GC_071cbfb9dfce028e	2
V0GC_071fdf6f1ca7a26b	2
V0GC_072aa437e8933e95	4
V0GC_072bc081c2163777	2
V0GC_07477f7cd208d3f5	2
V0GC_075ea6d8ad183741	4
V0GC_0779cd57ef4508ba	1
V0GC_077d8e1ceae5e75b	3
V0GC_078b428e54596f03	2
V0GC_079290026d9fd9ef	2
V0GC_079390fe6733c672	3
V0GC_079ec4ed89008ae6	1
V0GC_07a3167ac371d9ea	5
V0GC_07cc1b77bc3efd91	5
V0GC_07d0d5d4b19f653b	2
V0GC_07dacd44a9299347	1
V0GC_07f4500034ebc9cc	5
V0GC_07f5c268ba24eaa2	2
V0GC_080c66229bbc5f63	4
V0GC_0815b4b7a85e266b	2
V0GC_081dc078c35f3594	2
V0GC_0832709e25aad091	4
V0GC_08459499287e3ad5	5
V0GC_08495e0cde4ab324	2
V0GC_085a8c5765f40ca0	2
V0GC_0863f3ab00b09a0b	3
V0GC_0868e25edb14f6b1	2
V0GC_087cbd368f8bdaf7	5
V0GC_08850be00d9d02c5	2
V0GC_08939c1ec62e7dc5	2
V0GC_08a20ddd22f4547b	5
V0GC_08ba225158bf288b	1
V0GC_08bb46108c8f1da7	2
V0GC_08be2eb96c57c152	4
V0GC_08bf8acea9c64583	4
V0GC_08c64440f4def3b4	5
V0GC_08c95fc0038614a8	3
V0GC_08e60d07a2720057	5
V0GC_08e80769e66fdb91	4
V0GC_08f1bb990346090b	4
V0GC_08f1e17447a61b62	4
V0GC_08f7100e01429882	3
V0GC_0905c3fce2df7e0f	1
V0GC_092709d6622a883b	3
V0GC_092e45db92150ad8	4
V0GC_0932b661f83198b1	3
V0GC_0935dc2b423cdaa4	1
V0GC_0937b4093f817fcf	4
V0GC_094a6c43dc7d7f4c	4
V0GC_09767fe5364c91ac	4
V0GC_09a717cc1a1e97db	4
V0GC_09ae7a688d413e08	2
V0GC_09af296adbe882ae	1
V0GC_09c476381fe32f2d	2
V0GC_09e5e53e403d21b9	4
V0GC_09eb35e9334fa76e	2
V0GC_09f54eae30ae08fa	5
V0GC_09fa9905e8e74107	2
V0GC_0a087665bec47613	3
V0GC_0a1c78c58a392018	4
V0GC_0a20567a726c94ec	3
V0GC_0a23aabd47f0a827	1
V0GC_0a29e50ecbcc05c7	1
V0GC_0a363aa3900e5dde	3
V0GC_0a3644efc65c2c35	4
V0GC_0a3e164d874c95b7	1
V0GC_0a556313e9386280	2
V0GC_0a6a36592fb0ced0	1
V0GC_0a6ba0d1a9c10a65	5
V0GC_0a838ca10f4be2cc	4
V0GC_0a851e027c609ad6	4
V0GC_0a932ab0c501ebd3	1
V0GC_0a93c883578e498f	3
V0GC_0a9e8480083b1962	4
V0GC_0aa1bea6578474ed	1
V0GC_0aaa27a292f1f5cb	1
V0GC_0abef1c1d0155eb1	4
V0GC_0ad7d356efffa2db	5
V0GC_0afadddf127b702c	2
V0GC_0afeee03ef445c46	4
V0GC_0b110a3419ae0715	1
V0GC_0b13e5edecfbdf39	4
V0GC_0b196d0a31e5fd3e	2
V0GC_0b22105a521e19bd	1
V0GC_0b2f54e4b9efd27d	5
V0GC_0b305cdd397ac4f8	2
V0GC_0b321c6ab99e6d53	3
V0GC_0b3a3cfeb817caea	4
V0GC_0b4cf3fef38b5619	5
V0GC_0b51a732ab9059ef	2
V0GC_0b567f679efe9d87	3
V0GC_0b601cf4734ae794	1
V0GC_0b6303983774cb61	2
V0GC_0b67238596767b43	3
V0GC_0b6bbb621510fe68	4
V0GC_0b722869e26a071e	5
V0GC_0b822bd0ea9978bf	1
V0GC_0b84a17324521fac	1
V0GC_0b9672c3c65d288b	5
V0GC_0bc06273abfadfb3	5
V0GC_0bc469bffd5bba70	2
V0GC_0bcc7b147f6945d1	4
V0GC_0bd3edae1f2d20dc	4
V0GC_0be5d0faaae2656d	3
V0GC_0bf4a9b84cbcd898	1
V0GC_0bf9f147ac73ec47	1
V0GC_0c049f1552e2887e	1
V0GC_0c13fd587aba32c6	3
V0GC_0c14064189d78e8f	4
V0GC_0c2096ad8ba6a481	5
V0GC_0c26c7137394feaf	3
V0GC_0c27cf3f17c90542	3
V0GC_0c3396b6749c3c05	4
V0GC_0c3739ef4f032969	1
V0GC_0c37b85a5826d153	3
V0GC_0c437efd3c7c93cd	2
V0GC_0c4ff4d0ee88c64a	2
V0GC_0c587f76255a7d03	5
V0GC_0c65efb69eea169c	4
V0GC_0c6d621ba558dc0d	5
V0GC_0c6ed232e20f0510	2
V0GC_0c74cad8927187cc	4
V0GC_0c7875e38a223ab1	2
V0GC_0c7960eaee0d4321	3
V0GC_0c8cb8e39b440a31	5
V0GC_0ca15c60d9cf423a	2
V0GC_0cada2c04f6040cf	2
V0GC_0cb02e2dd5c08d32	4
V0GC_0cbe92855e0e8587	2
V0GC_0cc41f2b972e761a	4
V0GC_0cca8c5c87a4a5c0	4
V0GC_0cd8ded84a0068dd	3
V0GC_0ce135c68b7f01d8	3
V0GC_0ce3c71048d6a899	4
V0GC_0cfd5a40d3192804	3
V0GC_0d019a6ead77a38c	3
V0GC_0d01d77d2c3921fb	3
V0GC_0d1ca67473c072e0	3
V0GC_0d27959294f58bdb	3
V0GC_0d345e6492b388b1	1
V0GC_0d64234306a7e6b4	5
V0GC_0d6873c7a1796d92	5
V0GC_0d689a72301fed96	5
V0GC_0d746a842584e958	2
V0GC_0d7fab59ac923339	2
V0GC_0da0f39885d08cb2	2
V0GC_0da91581a1ce3cda	1
V0GC_0dba3edb6e0691c0	3
V0GC_0dc0694a0bb0e99b	3
V0GC_0dc10548f5ce797f	5
V0GC_0dccda19ce9942f1	3
V0GC_0dcd875c3fc758b6	1
V0GC_0dcfacfb048a815c	2
V0GC_0dd077aac2e54397	3
V0GC_0dd37abb0a33cce0	5
V0GC_0de7caec7605f253	2
V0GC_0e0af6619c5f87ef	4
V0GC_0e239b8fa6e5547e	3
V0GC_0e2625face034985	4
V0GC_0e2d4cabd2d3cf7f	3
V0GC_0e341b6387b452cc	5
V0GC_0e37e64eea53dc68	2
V0GC_0e3a686362586636	2
V0GC_0e479580c9067dc5	5
V0GC_0e6dbc9be001eec0	3
V0GC_0e734fe023fa0d18	4
V0GC_0e8f83cd017572a7	2
V0GC_0e900ebafd57e8e1	5
V0GC_0e9e5d9074b29f4d	2
V0GC_0eb386d83f9e3a23	1
V0GC_0ec55f98e9d32310	3
V0GC_0ecc92520fe44006	2
V0GC_0ecd7867953f238a	4
V0GC_0efa936f1a0520fe	4
V0GC_0eff1b2621bb5141	5
V0GC_0f0b4a45b95c2b59	4
V0GC_0f31d168f9458d96	3
V0GC_0f33ddc1644f87f3	3
V0GC_0f464301f481124f	2
V0GC_0f48a74990ed8045	2
V0GC_0f4dff8d91ce8837	3
V0GC_0f78e52ce43716e4	4
V0GC_0f8a196da54a31b3	5
V0GC_0f97c956bc6162d7	1
V0GC_0fdaffc740904753	4
V0GC_0fe2e78947be25de	4
V0GC_0feddc4598a4156d	4
V0GC_0ff5a6bd428ebab6	4
V0GC_0ffb9797da9be00d	2
V0GC_0ffeab0c5d6a5e62	4
V0GC_1006d0dc01891536	3
V0GC_100df2c057d6fd40	2
V0GC_1017efe10f297929	3
V0GC_101f63c8941cee14	2
V0GC_102e35f265f6e036	3
V0GC_1035e9836242aff0	1
V0GC_105c85835119a34e	5
V0GC_105e6e15952adabd	5
V0GC_106532cf1d0b2baf	3
V0GC_106f3b67499a3771	5
V0GC_107339b53fc20175	4
V0GC_10809367b3ea1a44	4
V0GC_108702d96fda3b57	3
V0GC_108970685749d058	3
V0GC_109d2e417aedd7a9	3
V0GC_10a021e61ac3029e	5
V0GC_10b5c4aa27a0de12	3
V0GC_10bcaca7b107fdb9	2
V0GC_10c41c97095a8049	1
V0GC_10cb12850ba06f35	5
V0GC_10e416022426d9e9	2
V0GC_10eb36b6c1cc5127	2
V0GC_10f21f1cc9bec011	5
V0GC_10fccceac539e35e	3
V0GC_10fd39ac06a8a741	5
V0GC_110d3d78117c021d	3
V0GC_110ef068c4a2f8e9	3
V0GC_111221f30d14663b	2
V0GC_111ba14c1b82c825	3
V0GC_1136e7e53d158714	3
V0GC_117ad615408f7eb4	3
V0GC_1189e20cb584d14a	5
V0GC_11900bd0d3294ae0	2
V0GC_1190331e3a361b35	3
V0GC_119cef1940b68878	2
V0GC_11a879eaef5798d2	5
V0GC_11ae387bcc068a86	5
V0GC_11b0b52d35fbee14	2
V0GC_11c6ad95fdbfd51d	2
V0GC_11e8a1fbee6ee9b7	5
V0GC_121e8de1f4626cde	5
V0GC_122c27f02f76a73b	5
V0GC_122d0e0634190b89	3
V0GC_123b4e8d0b251d6b	2
V0GC_124a57b995b07c75	3
V0GC_125902fca2c4110e	2
V0GC_12614ace11fbfdc4	4
V0GC_127563856b5a52a9	4
V0GC_12ab5c4ef1ea7830	1
V0GC_12b4219538d4275a	3
V0GC_12cc7cd11af2322a	1
V0GC_12d24784d3d2caba	1
V0GC_12e0e19500739a86	5
V0GC_12e6d6e09c7cb8e3	1
V0GC_1303d3a024b6f898	3
V0GC_131670c81c703839	3
V0GC_1325e7d7093b13c1	5
V0GC_132b05ee9e231dd6	2
V0GC_132e6cfc507c1ecf	4
V0GC_133a5eee60a05488	3
V0GC_134c5a19d6ad24b6	1
V0GC_134d79cee21bf867	4
V0GC_134f13d60b5c1151	4
V0GC_1354d53177e74110	1
V0GC_137b968d931f7c2f	3
V0GC_13852c99baf7cc7d	4
V0GC_1390f770c9399e47	4
V0GC_139310e66c18413f	4
V0GC_1396d00c2dbf811d	4
V0GC_1398444a44a8a358	1
V0GC_13c5f7791ba25ce1	1
V0GC_13d2437072b1b68a	4
V0GC_14141c3bb79a5526	4
V0GC_14249b76d638791d	5
V0GC_1428760c2448a825	1
V0GC_142bf980a48360e8	3
V0GC_1435497120fbfcb4	2
V0GC_1440fc490bb193c5	3
V0GC_144caa018ee07f00	3
V0GC_14562c30c2ab6a29	2
V0GC_14584cab1f90f85f	3
V0GC_1472ba63a4095793	2
V0GC_1476aaaffa9c92fc	3
V0GC_147cb3e48ba7c5bd	4
V0GC_147f07c381769408	2
V0GC_148997977dc75432	4
V0GC_14b11d8c6a0cf5f2	1
V0GC_14b5bf5d78544712	4
V0GC_14bd832458b4ef93	5
V0GC_14be21c0dc12a57d	4
V0GC_14cf36df90fd0e39	1
V0GC_14d13b903b0f534e	1
V0GC_14d7470cdcac7d97	5
V0GC_150e77a0ace7bf91	4
V0GC_152a93db42cf7ac0	1
V0GC_1537fcc2888ce4ac	2
V0GC_154e868ae3ffbb68	4
V0GC_156485e347c95efa	3
V0GC_1575d18036b848f7	3
V0GC_157b6bd31f1f89dd	4
V0GC_158692e365e2a75b	4
V0GC_15abc3424727641f	2
V0GC_15ac7cc60fecff48	5
V0GC_15ae5fe11a18bef2	2
V0GC_15cad306c78f812e	4
V0GC_15cdaff2d7a38908	5
V0GC_15d4ff28ca89d2aa	4
V0GC_15da89a0be730d5d	1
V0GC_15dc08ea0610feb9	5
V0GC_15e0b8b7d4609601	5
V0GC_15e68819b735356f	3
V0GC_1611a90fd9f988ea	4
V0GC_164d62e48bb4211a	2
V0GC_1658a3c23a118f76	1
V0GC_1681a26520119303	2
V0GC_169650fa7542f9f6	2
V0GC_1698b07c9b660f1f	4
V0GC_169fc102cb4f2464	3
V0GC_16a4e1df239fb921	2
V0GC_16a6a321fdb8f9d3	2
V0GC_16bb5d07a0f419b0	5
V0GC_16bb73aa0c99fce6	4
V0GC_16c96ea1cbfdca92	4
V0GC_16d2561ce0ab1de6	4
V0GC_16d644eae21a44e3	4
V0GC_16d920030ca4caa4	2
V0GC_16d9a2c8ee4135fa	2
V0GC_16de4125baebcd71	2
V0GC_16eefaec5a6eb6a1	2
V0GC_1700d20474dfdd24	5
V0GC_17107cc2eb016c40	4
V0GC_17124199457f4da9	4
V0GC_171d92a4d0aff2c1	2
V0GC_1728b740561c6242	3
V0GC_172e2bda78ff2084	5
V0GC_173b50fbddaeffff	2
V0GC_1743ba3303565107	3
V0GC_174a868b4eb7679f	2
V0GC_175b31496bac9c33	5
V0GC_17602df59fca3ce8	4
V0GC_176e6a47c20c2e86	5
V0GC_17721e9c181acfdd	5
V0GC_178d0c1a082c89f4	4
V0GC_17907fad01ce3b1c	2
V0GC_1799ab57e3aa1d5d	2
V0GC_17a80fee3f257b81	4
V0GC_17a8a3873e62367b	5
V0GC_17a9afb5f5d9f4db	3
V0GC_17b45b81167cb105	4
V0GC_17b53cbcc9e086e0	3
V0GC_17b5976efc71f80d	2
V0GC_17cd83f353bc0df8	3
V0GC_17d21f06b835d3b6	5
V0GC_17e389a0fd397f64	3
V0GC_17e4d923cec2b2f4	4
V0GC_17e68859a54a5597	5
V0GC_17fc4248e01360e0	2
V0GC_17fd34e069597fb6	2
V0GC_17ff2ce34e61865a	2
V0GC_18006c3fe4c43a64	2
V0GC_1812dc0abb75cddd	4
V0GC_1818950093561c07	5
V0GC_181e4b3a0d299c33	3
V0GC_1829aa7947fac287	1
V0GC_182d6386baba8921	2
V0GC_1832f13b5b8f2190	1
V0GC_183c6b3c4c7c3434	3
V0GC_183f048332151443	4
V0GC_184fc3e8cb9867b9	5
V0GC_186358e711767a62	5
V0GC_1865bd0f7382567a	2
V0GC_186c6a195a30d8a3	4
V0GC_18728449ba031755	3
V0GC_189abfd92ea7bd38	3
V0GC_18aed1891b0fc5e3	4
V0GC_18b6dec00e628aa4	3
V0GC_18b73d317a73ca9d	4
V0GC_18c1705f11c9f4f5	2
V0GC_18c364a9fdf0d79e	5
V0GC_18cae3f4de9f04da	1
V0GC_18d29f32d35bcab0	4
V0GC_18eb8a41901230af	4
V0GC_18ebdbad5928502c	3
V0GC_18eded1598e6450e	3
V0GC_18f62c3ee768d65d	3
V0GC_1903ccf240a61a67	1
V0GC_1905559f7097a4ad	1
V0GC_19087945bf5657fb	3
V0GC_190ba59d0a84bcaf	2
V0GC_193506015cc2e104	4
V0GC_193a476372fe6676	5
V0GC_194533cde9146d0c	5
V0GC_194af6615d166a1b	5
V0GC_195c3849a379b4ac	4
V0GC_1964d659fa77c08c	5
V0GC_196ab9ab272d076e	4
V0GC_196b1f317fc8a53c	4
V0GC_196c6a979b3ce391	5
V0GC_196e037a6f90f55a	5
V0GC_1973cf6c2da634fb	5
V0GC_1992e9295d9fa08b	4
V0GC_19b270a9c38cd22c	3
V0GC_19b7a02dbd76cad8	1
V0GC_19bbe6b844783a71	3
V0GC_19c029fc2f21e3dd	5
V0GC_19d135b4258e23fb	5
V0GC_19e22a976a6333ad	5
V0GC_19e9b9e18ad48c84	4
V0GC_1a0191a9f0f5f48d	1
V0GC_1a0a4376b866fcf3	3
V0GC_1a132f9e7b08be3c	5
V0GC_1a1ddb933c44537c	3
V0GC_1a2087c7a83d4bb6	5
V0GC_1a21fd5fffa17eb3	2
V0GC_1a347f3daa637696	2
V0GC_1a48266915ad859f	3
V0GC_1a484cc622cc828e	2
V0GC_1a491444d2c68cca	3
V0GC_1a5977454ad580fc	4
V0GC_1a5d441cc1f439b2	5
V0GC_1a686d481e5aa2ab	1
V0GC_1a6b9e882d90559e	2
V0GC_1a7ba4292a4bcb56	4
V0GC_1a835dcd529c8d1c	1
V0GC_1a8b70051323cee1	4
V0GC_1a9f9c5b3b27f803	1
V0GC_1aa1a9e12f8a9bba	4
V0GC_1aa842a81bc49add	5
V0GC_1aaa5d7bf08975bb	5
V0GC_1aae5ff044cb34ad	4
V0GC_1ab6aa596e855eb4	2
V0GC_1abdc6d403d607a6	1
V0GC_1abe604905e018f2	5
V0GC_1adfc06df7814b06	5
V0GC_1ae0cd2dc55fcdd8	4
V0GC_1b05db21ed487db5	1
V0GC_1b0ec2fa7f7663c1	3
V0GC_1b1275d0a430f52a	4
V0GC_1b157e9d8c18dce0	4
V0GC_1b17a46d87cb0434	2
V0GC_1b3961aebe312694	5
V0GC_1b3f4a6d99beaf8c	1
V0GC_1b3f9003cb816411	2
V0GC_1b57823939d09952	3
V0GC_1b5bb60aa8b22dca	2
V0GC_1b60961f21a45c62	4
V0GC_1b6ebd9f788919d3	1
V0GC_1b744443794ee7d4	5
V0GC_1b75461d3d66205e	2
V0GC_1b7a310de3c48fbd	4
V0GC_1ba98b50ca83b3f2	1
V0GC_1bb6bc8f54543c53	2
V0GC_1bb97a534b0bee5a	5
V0GC_1bd65dc92b8e23fb	5
V0GC_1bea3d6faa7ba859	3
V0GC_1beeb5bbace0d133	5
V0GC_1bf076bc17a8543f	3
V0GC_1bfbc2d3214e42b5	4
V0GC_1bfee97318bf7338	4
V0GC_1c00da99a1952112	5
V0GC_1c02006c08756a3a	1
V0GC_1c0605f07a93ba7c	2
V0GC_1c09c4bbb0d0f60b	5
V0GC_1c1052ca143a2c04	5
V0GC_1c2370f1d929ab62	3
V0GC_1c304d9c4387db8b	4
V0GC_1c50fd04b9469d2e	5
V0GC_1c511024395f7d46	3
V0GC_1c667bc11b73652a	3
V0GC_1c77aacc3ad8822c	5
V0GC_1c817378d96fab70	3
V0GC_1c81dbdb1e81466c	2
V0GC_1c845b4665c1e970	2
V0GC_1c9123612a6695e4	1
V0GC_1c921b09f369b9dc	2
V0GC_1c9731b1ac634098	2
V0GC_1c9d58fb1bfe7ab7	5
V0GC_1caa36351d1cb7d0	5
V0GC_1cb3017af15fe1f3	1
V0GC_1cbc791e13ab09af	2
V0GC_1cbfc91f3c5b3d84	3
V0GC_1cc43a5fb8eff0a0	5
V0GC_1cc844eb8d564fb8	5
V0GC_1cea4b61d04569d8	1
V0GC_1cf4ef5110489073	5
V0GC_1cf9e5cdd9532d3e	4
V0GC_1d05ca0d9fb38378	1
V0GC_1d0e472b5f9f5856	3
V0GC_1d0ff9580dc1a9ff	2
V0GC_1d2f50e7c2c73a01	2
V0GC_1d311fd527bd9ad2	3
V0GC_1d3287c16861ef04	2
V0GC_1d3e744f796388d6	2
V0GC_1d3f4c3d5932919d	2
V0GC_1d445d38a1219f95	1
V0GC_1d4558ec3094181e	3
V0GC_1d460007eb9a9686	2
V0GC_1d5ce65f206c6012	2
V0GC_1d5d78c30c1cb9fd	4
V0GC_1d5e04def419c9e8	5
V0GC_1d5efefa85361f65	4
V0GC_1d5f4c10ea35852f	3
V0GC_1d6454bf3a888c0e	3
V0GC_1d6ca29086bc1489	5
V0GC_1d6f87580abb2b4a	5
V0GC_1d7a6c7b679d366f	5
V0GC_1d857d5623f97365	5
V0GC_1d86a240eb00f736	4
V0GC_1d8e28fde5225181	2
V0GC_1d8fe719d184ed5c	4
V0GC_1d9e13322db074c5	5
V0GC_1da9358cf7926272	1
V0GC_1dacc8f1a2f40a85	5
V0GC_1db35f2925916430	4
V0GC_1db535b9093295f0	3
V0GC_1dbb2e3386a945e2	4
V0GC_1dcad25cb75d62b5	1
V0GC_1dcc1272926e0a02	2
V0GC_1dcc581cf20643ae	1
V0GC_1dce9731984abed4	4
V0GC_1de2c50419ff0621	1
V0GC_1df72a3fa76bcf0f	4
V0GC_1e13f20b5bd65193	3
V0GC_1e19724ea610a19f	4
V0GC_1e2a1a122f60a27b	3
V0GC_1e2ddc0f22595d0d	4
V0GC_1e3193386a87059b	2
V0GC_1e327e5ee9c1b301	2
V0GC_1e3d40c126fa0e79	1
V0GC_1e6025d77fb542f9	5
V0GC_1e6c0d439a79a440	2
V0GC_1e71786aa157b5b5	2
V0GC_1e72832c482a12c9	3
V0GC_1e7dd27aefe97637	2
V0GC_1e8293bccdd3ba6f	2
V0GC_1e98c94d031e870f	4
V0GC_1e9dc3dec82930af	4
V0GC_1eb2c04837fc3ee7	4
V0GC_1eba779c578367b4	4
V0GC_1ec975ba9b13c103	2
V0GC_1ed0714cbda508e6	4
V0GC_1edcaa019a708201	4
V0GC_1ee7beababead556	1
V0GC_1efeed0e468b9618	2
V0GC_1eff108f9b171ca5	2
V0GC_1f030d3f6d73327e	2
V0GC_1f14c817c6fd9cf2	5
V0GC_1f1ed63acb8b6fb2	3
V0GC_1f2dd4e18f5ff5f4	4
V0GC_1f34b49db003386a	4
V0GC_1f4bcebc927d9ca7	4
V0GC_1f4d142413333e04	3
V0GC_1f5b522c07d9da8a	5
V0GC_1f65299a00a1ea76	3
V0GC_1f8dc6a8d2375d74	1
V0GC_1fa138de5b7f7c09	2
V0GC_1faa49a5fc704a88	2
V0GC_1faad35d0791792c	5
V0GC_1fba227fd4e615a0	3
V0GC_1fc0022d04d5d6c2	5
V0GC_1fcc49a10e7ab6ba	5
V0GC_1fe3662758b0d17e	4
V0GC_1ff07818647109b5	4
V0GC_1ff37155774156f0	4
V0GC_1ff9ae54a474a569	5
V0GC_202062c4140b26a0	1
V0GC_2025aa7e14f77bbe	2
V0GC_202c1147a3c79bb6	1
V0GC_2037240717a6069e	5
V0GC_204ff88e8425e730	4
V0GC_205742e44ba42e46	2
V0GC_205890062254f656	2
V0GC_206a3bc0c7074dc8	1
V0GC_2089c509f7607bc6	3
V0GC_2091bcac8dbf9cce	1
V0GC_209693bdc66f8308	1
V0GC_20a630764c7e83c8	1
V0GC_20bde880de346e01	4
V0GC_20c5a87426f1edda	3
V0GC_20c7a9e49e3c98ae	1
V0GC_20cd2a52d793dcfd	2
V0GC_20cdd4373598f28a	1
V0GC_20d916564e0eb84e	5
V0GC_20e13b045bb6e34a	5
V0GC_20efce9858d58b2c	4
V0GC_20f478a75f56511c	3
V0GC_20fb1fa0cd27ef0b	3
V0GC_2100a777e4f7fb71	3
V0GC_2103eb5621d1a39b	5
V0GC_21055617766b7503	4
V0GC_210d3248b2e23133	4
V0GC_210faf3f2d595e04	2
V0GC_2113c2e6c55dda9d	2
V0GC_211c7915df514d50	3
V0GC_2120deef9d660602	2
V0GC_212fff018bc0455f	4
V0GC_2140e7a83a9d2cc6	5
V0GC_2146e4fd3dd2b1fc	1
V0GC_214d21b4c24ddc50	5
V0GC_215a886f95ec2c71	4
V0GC_21641320c7f59892	5
V0GC_21650829e7c5bb78	5
V0GC_2173f415efe50ded	5
V0GC_217e47e41dd6ef09	1
V0GC_217e523af56c2dda	1
V0GC_218aeaf5e5ad58e8	4
V0GC_2192dd7f4afde834	2
V0GC_2197f4526f1fb626	3
V0GC_21a0aba7d8b3fc17	5
V0GC_21ab687edd2e7fcb	2
V0GC_21aea5f11076976c	3
V0GC_21b12172e1bc93ae	3
V0GC_21bb45f9f7f7ae6f	1
V0GC_21c73f27089b0625	4
V0GC_21d36bff7b458bb2	5
V0GC_21da4a206e6f7512	3
V0GC_21ef2474ca1e0a66	2
V0GC_21fa266923639ab7	2
V0GC_220ddfd01af0316a	1
V0GC_2212b03c78473324	5
V0GC_2213d5ed6c3ba804	1
V0GC_2213e672417494dd	4
V0GC_22246b59989ac1f7	3
V0GC_22289627d270d02b	3
V0GC_2229be29ce598c16	4
V0GC_22374c53773eb991	2
V0GC_2241f04b3d53dc39	5
V0GC_2243076c2d1b01ad	4
V0GC_2261dff6c4fc1aef	5
V0GC_226a18ce9c4c2230	3
V0GC_2271eaa9cea9afe1	5
V0GC_227e8df025c99ba8	4
V0GC_228df9a1f3a67374	4
V0GC_22ae4a051a115cfa	4
V0GC_22ae4c81f06e96e2	2
V0GC_22bb3a3828ca28a2	3
V0GC_22d6b00818481a4a	2
V0GC_22e247abf5f3c6c3	3
V0GC_22fb4291fd7b21c3	2
V0GC_22fbd87618ce0a93	5
V0GC_230174607125fb34	4
V0GC_230871671efd6954	2
V0GC_231fc0d60d956a60	5
V0GC_23280e3165d71a66	2
V0GC_2339f7604479e3fd	4
V0GC_2351fe8c0a568382	1
V0GC_23540e1a4db76c76	5
V0GC_2392d89baa62f1dd	3
V0GC_2393a7c943649f21	2
V0GC_23998c6df9816053	5
V0GC_23c901b83549d5b2	4
V0GC_2400800895cfba4c	2
V0GC_24132e24a5fd576f	5
V0GC_24154e6163c78971	3
V0GC_241caac6dfb13cc5	4
V0GC_24247639f854adb2	5
V0GC_2431a4801f03d6e7	3
V0GC_2433cd270d98aa30	4
V0GC_244974d4cd75d075	2
V0GC_245e37a368c0ff57	5
V0GC_24636c76a63a748d	3
V0GC_2463d84723a1849c	5
V0GC_2469d3e3a3b7cb16	5
V0GC_246b696d59e3226d	2
V0GC_246efd483f31261a	5
V0GC_24735f2807467e2e	2
V0GC_248952c425ee9339	3
V0GC_24b0f36107f2618c	5
V0GC_24c2f1a02d2d2b93	5
V0GC_24c90a4b50b540f9	5
V0GC_24d6fe8eb246c06d	2
V0GC_24dcabafa60c34d1	4
V0GC_24e193ad116d8b5a	5
V0GC_24e7ea84000a4b0b	4
V0GC_24ea3c6618e8b8d1	5
V0GC_24edf34ee3910c76	2
V0GC_250b745a60ae57d8	1
V0GC_2514e679b7101dd7	2
V0GC_25286b2b85cf4279	3
V0GC_252a3647f0cab02d	3
V0GC_2533856249f0da30	3
V0GC_2539699c61d28e10	4
V0GC_253ab624cbcde68f	4
V0GC_25424fdbd3d3e5d1	3
V0GC_2553a7de211ae2db	4
V0GC_255a04d66ac15fb5	3
V0GC_256ed94ee856e7c9	3
V0GC_2587570e009777fa	2
V0GC_258c2f25e9f5e839	1
V0GC_259638cff31f205a	5
V0GC_25be0ef8d23db815	2
V0GC_25c3e9d887a2ddf3	2
V0GC_25c51235668470a0	3
V0GC_25d472468d1c96fe	3
V0GC_25d746cc756b024a	3
V0GC_25ed454cfdb94605	2
V0GC_25f95d74f616e684	4
V0GC_26040f138de4de8e	4
V0GC_2604e15865fe56e1	3
V0GC_260a292ed5549918	2
V0GC_260e0ed6fca161d8	2
V0GC_261b69490779a2fe	5
V0GC_261b860066953e76	4
V0GC_26272928c0483212	3
V0GC_262852b3147cd6bd	4
V0GC_2628787cd68bf7fe	3
V0GC_2638fce702b1ed75	2
V0GC_2643b806b13bb92e	2
V0GC_264b11c68b6eee21	4
V0GC_266439c78966823f	2
V0GC_266861042ee834cf	5
V0GC_2668a08eac137f4c	3
V0GC_266fea32a9eeaf97	2
V0GC_26781611edfc0973	1
V0GC_267c50d4b846eb6d	3
V0GC_2681c4b321813186	3
V0GC_2693f900f4463706	2
V0GC_269bd0d84d243d98	2
V0GC_269fc290d65bdc51	3
V0GC_26b44a524b59c037	2
V0GC_26ce2c902c0d7cc9	2
V0GC_26e80d698184f9b9	1
V0GC_26eed0ca5f293829	1
V0GC_26fcfc6a9f304a61	2
V0GC_2702d216beb8e279	3
V0GC_270849bb812e8194	2
V0GC_272ac5f49ade1b6b	3
V0GC_273b114d2c491610	1
V0GC_273dfd7caa970dba	2
V0GC_274f7a05d96958f6	2
V0GC_275474fa04f91d0f	5
V0GC_2762710f8f835687	2
V0GC_277a74bf6cf17997	2
V0GC_2785b69e2db4a308	1
V0GC_278d941728d4627a	5
V0GC_27949596749969ae	5
V0GC_2796a5c91d8c8e76	5
V0GC_27a96ea567b88f1f	3
V0GC_27b50310f031d2ad	2
V0GC_27b6411da36a3115	4
V0GC_27b7e86349128b6e	4
V0GC_27c2ac5406266c78	4
V0GC_27c549c7dc713333	1
V0GC_280094fb908786d3	2
V0GC_281c0f38dfc46dd9	2
V0GC_282d3767a770048a	3
V0GC_282fb6364336c2b7	3
V0GC_2837dadce5dabef7	2
V0GC_2857ed3f1f773939	5
V0GC_285d6861152f19c4	5
V0GC_286a5311a85b7a60	4
V0GC_286fa63b61320be1	5
V0GC_2872862eee841323	4
V0GC_288041324df5a254	5
V0GC_2880623fadb839ca	5
V0GC_288fc511410a85a2	2
V0GC_28a8c3aabb13b034	5
V0GC_28ab9585cf628327	2
V0GC_28b5a2f0c75f3b46	2
V0GC_28c286ce8b620d17	2
V0GC_28c4ab2497140420	2
V0GC_28d59a0e2bd5eac2	4
V0GC_28e070589de2770a	4
V0GC_28e2a85ce270a279	2
V0GC_29058ee55ea77da3	5
V0GC_290701525f2e7c80	3
V0GC_2909828c380ec2fc	3
V0GC_292f41ee0b49424d	2
V0GC_2931f2e6ac2a2079	4
V0GC_29346c66b1df90a3	5
V0GC_29404b9aadec2661	5
V0GC_294991ba8c729d51	4
V0GC_2977d0c26aad921d	2
V0GC_29951493c51b8dcb	3
V0GC_299580066cc06e61	1
V0GC_29bc5b4cbc8b7447	1
V0GC_29cb1a3ba8f5a55f	3
V0GC_29ea72d41d5275d4	2
V0GC_29ed4005076fdb1e	5
V0GC_2a040ca56b6cabeb	4
V0GC_2a09fd90d36e0791	3
V0GC_2a10aaa0257f8973	2
V0GC_2a124bafe3e7c677	5
V0GC_2a13f530aa75d511	1
V0GC_2a23a6f8bd0e04c9	1
V0GC_2a40430b3d90ae7e	5
V0GC_2a51935be6b58ea0	4
V0GC_2a698b707321a665	2
V0GC_2a7b4bd91c379e6c	4
V0GC_2a7d940b2bd6c016	4
V0GC_2a84e8647a35c427	2
V0GC_2a8b7c4ea46b746d	4
V0GC_2a92ae547fc23023	5
V0GC_2a93638debe686bc	3
V0GC_2a9d6c78c38cf48e	4
V0GC_2abd951b2d3b8b89	2
V0GC_2abeeb4f8f9ab986	3
V0GC_2ad2f4451ce64838	2
V0GC_2ad31bfdfec63670	2
V0GC_2ad41eae56cffdeb	2
V0GC_2ada25faed888700	5
V0GC_2ada4f2337bafccb	3
V0GC_2ae2775dda7aab13	2
V0GC_2ae7e9a39632a350	2
V0GC_2aedf7c36c153f44	5
V0GC_2aee0c03fbee461f	5
V0GC_2af6d09a3e7f1433	4
V0GC_2b11de8db9101b7c	5
V0GC_2b1623b266816161	3
V0GC_2b181f722e467085	5
V0GC_2b1c3dbf7ec00835	5
V0GC_2b1c4b32617d297e	4
V0GC_2b2d37b4a6d493eb	5
V0GC_2b35dd71cb117750	2
V0GC_2b3a851186d46000	4
V0GC_2b54aae9d0baf076	5
V0GC_2b5fbe6afcffed56	5
V0GC_2b73b262778e3c98	5
V0GC_2b751743e857fe43	2
V0GC_2b820a0964cf5347	2
V0GC_2b873fd672fbc658	3
V0GC_2b9969456b0c85aa	5
V0GC_2b9c7594114831f6	2
V0GC_2b9c83845f3c815f	4
V0GC_2bab068d25fd22cc	4
V0GC_2baf7adff397c898	2
V0GC_2bb7802814a35238	3
V0GC_2bbe1ed3c946d65b	5
V0GC_2bc117338f20c91a	2
V0GC_2bccf324e0c86391	4
V0GC_2bd442469b24de8a	1
V0GC_2be61fc12a0122ae	1
V0GC_2bf57caf54c65bcf	5
V0GC_2c01980c9185c563	3
V0GC_2c198231fb426415	4
V0GC_2c250c8e750ec202	4
V0GC_2c2b5864702743ce	4
V0GC_2c2be8f1ceab7541	3
V0GC_2c364fd4f9459258	4
V0GC_2c3e9283c99fc1d9	3
V0GC_2c4a49adc85ceb74	5
V0GC_2c5ca3974adaa3a9	4
V0GC_2c6803d647b13c8c	2
V0GC_2c6e43d6f9ff6238	5
V0GC_2c6f8b57eb0d21a1	3
V0GC_2c7b544e16bdd022	5
V0GC_2c7bde9685f507e5	1
V0GC_2c88d59ba09fd1af	3
V0GC_2ca640255ecd2ca1	2
V0GC_2cb1d2ef79875345	5
V0GC_2cb2874a5bf04d85	2
V0GC_2cb528c4053a7b0d	4
V0GC_2cc52e2db40de246	2
V0GC_2cca8f9bf6b46d03	4
V0GC_2cd0df6409f058e3	3
V0GC_2cdda71b2f93037c	3
V0GC_2cde9bef4e16fd90	2
V0GC_2ce0c48cd0457b7d	2
V0GC_2ce49adbfa1b6c2b	5
V0GC_2d041ba56996c6ad	3
V0GC_2d052acf557b6d79	2
V0GC_2d0d4e5ba14aa014	3
V0GC_2d35006103a8e243	1
V0GC_2d3b4af1c5963c8d	4
V0GC_2d4af77115a94ad2	2
V0GC_2d4f6a5a37c9126e	4
V0GC_2d50548148c228e4	2
V0GC_2d5b32c40fc0dace	2
V0GC_2d6ef93731290a29	4
V0GC_2d76ff4539e4593b	3
V0GC_2d81ea522cd3b54e	3
V0GC_2d93a32769d8c315	1
V0GC_2d962819d54e84e0	3
V0GC_2da62aecfbed1b1a	3
V0GC_2dae64d001d222c0	5
V0GC_2db36fd26a54fe37	3
V0GC_2dbcba7bbcc92ec0	4
V0GC_2dbd0997408cc41b	5
V0GC_2dca1f095f4ba4f3	3
V0GC_2deb0ffd62958796	5
V0GC_2df314f99748af4c	3
V0GC_2e0288274a545156	3
V0GC_2e18be216aa4a8c6	3
V0GC_2e41579b54fa8699	4
V0GC_2e467feb7c7aa29a	1
V0GC_2e4b7335efe1bfac	1
V0GC_2e5c2cb495754eee	5
V0GC_2e608e9b6a0e0fa7	2
V0GC_2e644a137cb78643	5
V0GC_2e7d49a2265db960	1
V0GC_2ea86c2f5b92d251	3
V0GC_2eb167e1c78a822e	5
V0GC_2eb49b4a1d057fc4	5
V0GC_2ebbe4127ec5de29	3
V0GC_2ebe09a8f0321e8d	4
V0GC_2ec28a412b29e34e	4
V0GC_2ec7832ecd5ce53c	2
V0GC_2ecd76038c3ae8ab	1
V0GC_2eea11b03187e01a	5
V0GC_2eec3c504b13057a	5
V0GC_2ef1c4934f150c11	5
V0GC_2efc6d39017a37c4	3
V0GC_2f00c4c8e71417e2	3
V0GC_2f0a9dd1dcd29531	2
V0GC_2f0b67c494ebbcb5	1
V0GC_2f19bb8e3ac3aa1e	2
V0GC_2f1e92c7f58966fc	3
V0GC_2f23fb2e1a07d699	5
V0GC_2f2a5aa51f0f3458	2
V0GC_2f3a070b451628ee	1
V0GC_2f4482b72ff867c5	1
V0GC_2f4cc4ca66abf71b	1
V0GC_2f50cb7125b2cd51	5
V0GC_2f52b6ff93f2f39d	4
V0GC_2f5c383326b04089	3
V0GC_2f605fab1e01c15a	2
V0GC_2f6be491db872fc8	1
V0GC_2f6ee7739a49e34f	5
V0GC_2f7673147cfb4cbf	4
V0GC_2f77ef8d728a163c	5
V0GC_2f7bee71c359e6ba	4
V0GC_2f809616688f27d6	4
V0GC_2f8783e79640d927	1
V0GC_2f8e06c7fe1035e4	1
V0GC_2f92db0bd9ca19f0	3
V0GC_2fa4512415427062	4
V0GC_2fac3106461f7221	4
V0GC_2fdbb69985818c14	3
V0GC_2fe4562a4014000c	4
V0GC_2ff2d73ee8bff5b0	1
V0GC_3003459aa1e067c9	5
V0GC_30068760d28a0231	2
V0GC_301bf943ec5548b5	3
V0GC_30295751d40351a0	4
V0GC_302d2c050ef6f686	5
V0GC_3033e15abeb0341d	3
V0GC_303def5f4e1bb24f	2
V0GC_3040f5e134d7bd51	3
V0GC_3047bb8cc43da987	1
V0GC_305082781a2c8137	3
V0GC_3079024dc618f5b5	3
V0GC_307a2de62aadcd6a	1
V0GC_307b1215effc362d	4
V0GC_309d2488d5f8d4f8	1
V0GC_30bd7487dbb83b20	1
V0GC_30bfc2a01f4089c2	1
V0GC_30c237f8c8114906	1
V0GC_30c3f07e0e1a5769	5
V0GC_30c47ba693ae1b20	2
V0GC_30cc0cf2739a1a94	5
V0GC_30ce4766ae392707	2
V0GC_30d646978bef9d95	5
V0GC_30dbb850c0a3ead1	1
V0GC_30e099cd59903679	3
V0GC_30eec1dca940242d	3
V0GC_30f301fff2191dfb	3
V0GC_30f473c11e7e480d	5
V0GC_30fbb4a9ca50eba5	4
V0GC_30fcc95c479dad00	5
V0GC_3131e429661f553f	2
V0GC_3134b2f5b60ade56	1
V0GC_31373e7b65b41d62	2
V0GC_313d482a5c364c96	2
V0GC_3147ec6a809d1c35	5
V0GC_314e3640297e21de	5
V0GC_316bd3ab49517c08	4
V0GC_316c31018a26027d	2
V0GC_31a42c3357e10078	3
V0GC_31a6f603954e3f15	5
V0GC_31b2abe6e4605a93	2
V0GC_31b5e794cf6a8138	2
V0GC_31c3a419b5f665f1	5
V0GC_31c4b2fc33327fd7	4
V0GC_31d324f97ae307ee	5
V0GC_31d3dae50bbfe1c2	5
V0GC_31d9a291522ecd7b	1
V0GC_31dc44e8c4384df6	3
V0GC_31deb14d66cc3ba3	2
V0GC_31df8161b2b89fa9	2
V0GC_31fa502238e0539a	4
V0GC_321c8b0bc5f984e7	2
V0GC_322850f9dcf01739	3
V0GC_3229650168da8445	4
V0GC_3242219887dd3054	2
V0GC_3259b28e75ba1c1f	3
V0GC_32620ee3a4323c47	4
V0GC_3272637dc83a5980	4
V0GC_327280f8d47a8443	3
V0GC_329050098ec3016b	3
V0GC_32a4f59f9349e909	4
V0GC_32b3b1cd90774d69	1
V0GC_32b60758124d2a9d	2
V0GC_32b92c6d06505da8	3
V0GC_32d068cf05c6e9b0	4
V0GC_32de5c9eface3d52	3
V0GC_32ecc9948e76eec2	1
V0GC_32eff3cfc7e6f4a3	2
V0GC_32f8dbfff70a6c80	2
V0GC_33070f0d9ca229bb	3
V0GC_330b69d35b6cd0e6	3
V0GC_331977c07ef35cb8	3
V0GC_3332e91c8bd784a4	3
V0GC_3336e62cfcbbb70d	3
V0GC_334ceba1a5f1803f	2
V0GC_3361ee62dd8f2de9	1
V0GC_3363dabd583b87ae	5
V0GC_336513c6644ba0d3	2
V0GC_336a253163231667	1
V0GC_337599cec879d786	5
V0GC_33888b901a4cb009	4
V0GC_338a4b5633bb8972	5
V0GC_338e45fd766b2b5a	2
V0GC_3398ad5cbcafb746	3
V0GC_33b0e588e6d3fedc	4
V0GC_33b2eb77992a9288	1
V0GC_33b3955632307041	4
V0GC_33b670ec9e1269d7	2
V0GC_33bf567a988bb05e	5
V0GC_33cb35e140a2b073	5
V0GC_33cfad0628b3eec4	3
V0GC_33d5a6240fccf0f0	4
V0GC_33dc946d82c37127	3
V0GC_33e835425e12d5f5	4
V0GC_33eb3c9e6690eae2	5
V0GC_33f0755f8216bc8a	1
V0GC_33fd8c07a0a99723	2
V0GC_33fe70324c007210	2
V0GC_34078b5cb48dff9b	2
V0GC_340bf3853334dc72	1
V0GC_340f18a7e5a971c0	2
V0GC_342a8447d36f880f	3
V0GC_34304a5a73d629ac	3
V0GC_3439cd0c735bdf97	5
V0GC_343c2c4f217596d6	1
V0GC_3440bfe3de6771c9	4
V0GC_34425ec7f9ee80be	2
V0GC_344dff73335dfbf3	1
V0GC_345c7c634a27dd3e	1
V0GC_345d6905b0a17269	5
V0GC_3488f6aa73d4f9ae	2
V0GC_34c2b86b3f32f8b5	4
V0GC_34c8ade67c51ddf2	5
V0GC_34cdb2936a857cda	2
V0GC_34d2b374b05e9f41	5
V0GC_34f55e990d999576	5
V0GC_34f70a116e6f3a24	2
V0GC_3502e77cfa5bb031	5
V0GC_350bfb9e4fc15af6	4
V0GC_350fb71d78615861	4
V0GC_35106671600adde7	4
V0GC_351503158b4c83ac	2
V0GC_351a1f50c41e54b3	5
V0GC_3524d430da59391b	1
V0GC_35278f5a30edce23	2
V0GC_353f8848fddc2010	2
V0GC_354b7d5f1ce19942	2
V0GC_354c8e1336fb6701	1
V0GC_35881541275cc585	3
V0GC_358cc8e34b119e35	2
V0GC_35a82fccfa67b5a9	1
V0GC_35b08a6776bd4660	4
V0GC_35b75b5e93e67c51	5
V0GC_35cd88dc93ab3d8a	4
V0GC_35e2e65d18d5d5c6	1
V0GC_35f1606ade31772f	4
V0GC_35f1ec930785b086	2
V0GC_35f5ffd1c5358c2f	4
V0GC_35f7a0f486e4f026	5
V0GC_3618e34de4ecb49c	3
V0GC_36261ad92dd3a28b	4
V0GC_3630c2358ab729fc	2
V0GC_3631832bd2a17c6f	2
V0GC_363208dca890ddd9	5
V0GC_363641292a4e9b95	5
V0GC_3639d6c0f6dfd298	4
V0GC_363b6d170792b4ef	5
V0GC_364b7f35c88fec86	5
V0GC_364fd40631ac01c5	3
V0GC_3650e2e7ccd2e5e1	5
V0GC_3657308f004c2c83	1
V0GC_365f1296456f9373	5
V0GC_3689951beae5196a	2
V0GC_369523f9db0f330d	5
V0GC_36abd536cb09963f	5
V0GC_36ba4e78867037ac	1
V0GC_36c23da8909ea575	2
V0GC_36c4b20fef491816	3
V0GC_36d64d0b9e3cd30e	1
V0GC_36fc4fdaafed189a	4
V0GC_36fe4a5395e99839	2
V0GC_37013556ac7d0989	1
V0GC_371c0f32b2527aea	4
V0GC_371e956f6c69d20d	2
V0GC_3735fa325826c613	4
V0GC_3742b28dc564a98b	5
V0GC_375ee99d5bd3e7e8	3
V0GC_37719e9f723dada3	4
V0GC_3796b33f07e38145	3
V0GC_37a07a4e7ef8a50a	3
V0GC_37a54a19127877a1	5
V0GC_37a68b465556436b	5
V0GC_37d4ac38f2e4f299	1
V0GC_37ff97b5941079a2	1
V0GC_38100f921f80c0b9	4
V0GC_382cca1dd14d88c5	3
V0GC_382e5a76679b8693	5
V0GC_3832e0783dcd6025	5
V0GC_38340c51d728ff92	4
V0GC_383d0635cd628d30	2
V0GC_383e2ddc847f8be8	5
V0GC_384553c3029ef27e	5
V0GC_3854e7b6e6765974	2
V0GC_385a985bc41934db	1
V0GC_3879405d9a9da53c	4
V0GC_387e161d3a4de2a4	2
V0GC_387fec77b7665978	2
V0GC_3883230579776ca0	2
V0GC_388bbfb49a010061	1
V0GC_38919a58220288e3	4
V0GC_3896f7b75a239ae1	1
V0GC_3899402bace46b9e	1
V0GC_38a5dc499ede01e0	5
V0GC_38a6bb5333c0f978	2
V0GC_38a8a7c218abebfa	1
V0GC_38ad7f4f56190483	2
V0GC_38b14853536a5d44	2
V0GC_38c016f14c21d918	4
V0GC_38c0694f15df0bb7	3
V0GC_38c1b9dc9b622fa0	5
V0GC_38c50ca409cb4215	3
V0GC_38d1b25a8d487f6b	3
V0GC_38d26c19ff8a00c1	5
V0GC_38eb073736e9cad7	1
V0GC_38f0df4c24e68b69	4
V0GC_38f41d88cfc77d64	1
V0GC_38f53a6d976a84e9	5
V0GC_38f5e969f7883aef	2
V0GC_3900df9cb94748ba	2
V0GC_390789164fc13541	1
V0GC_3909d7f34b5d01f9	4
V0GC_390dec4a01dd6001	4
V0GC_39231a548e30bfa5	3
V0GC_3924f2d9995896df	4
V0GC_392eba0472bd00e3	3
V0GC_3951dbf471bf653c	4
V0GC_395712ee35a69b1b	1
V0GC_395845e48e10e211	4
V0GC_39754c62cab06a57	4
V0GC_3976dcb90f792cd2	5
V0GC_3980103fad179ae3	4
V0GC_39821e706d55bdd0	3
V0GC_39833ab5ca3acf39	5
V0GC_3988115fdd63d92d	1
V0GC_399d33d890ad5f3a	4
V0GC_39a0b7078d029ee2	5
V0GC_39a1b05cd4f85361	4
V0GC_39cbf475cf7b33fd	3
V0GC_39dbbfe528e3cb9c	4
V0GC_39de4bcb766e061a	3
V0GC_39e168580094a986	1
V0GC_39e303e0b718a288	3
V0GC_39f1da01aaf2efe9	2
V0GC_39f4b3f9ca939caa	2
V0GC_39f4bf44cff7fd72	5
V0GC_39fa0aaa07d21765	2
V0GC_3a1862ff4894cfdb	2
V0GC_3a1fcc2a242b7c30	1
V0GC_3a2f6ee7f18f4335	5
V0GC_3a337f7178beb367	4
V0GC_3a440e4648a5e821	2
V0GC_3a51dbbc0b7aed08	5
V0GC_3a5800799c413965	1
V0GC_3a6a0dfaae4acbcf	2
V0GC_3a6d8e5d1eeef1aa	4
V0GC_3a8a0162ddc44a3e	2
V0GC_3a93cf66f41db341	2
V0GC_3ab5fe81eaf364d0	4
V0GC_3abc1bc0d6b1f553	5
V0GC_3adbf8bb0212a29b	1
V0GC_3afaca6264aca903	5
V0GC_3afca4597712b37b	4
V0GC_3b0738f20ec04313	2
V0GC_3b2414df3d4b9346	1
V0GC_3b276babb3b5957e	3
V0GC_3b30f6027c46d046	4
V0GC_3b33206a36bfb102	5
V0GC_3b3371ebcdbe925a	3
V0GC_3b443cb54ad22cca	2
V0GC_3b52e2c436ede19c	3
V0GC_3b6105a3ebcfcd1a	2
V0GC_3b615453657df7be	3
V0GC_3b698a48f0ad6680	5
V0GC_3b9113db233a0850	1
V0GC_3b97ceacab1d6594	3
V0GC_3ba99b3ea59f219c	2
V0GC_3bc4e9ec838d482b	4
V0GC_3bd8005b48991680	5
V0GC_3be555870be3c740	2
V0GC_3be68aad7f787136	3
V0GC_3c0599bdc818a1ef	3
V0GC_3c0a2664bf3e652b	2
V0GC_3c1ca4d3d974a5ca	3
V0GC_3c31abe3490934b7	1
V0GC_3c38e5c4125773e5	4
V0GC_3c3d72eb3630061c	4
V0GC_3c493976a78a06d8	1
V0GC_3c5daa7bafc8ec06	1
V0GC_3c629aa4950bd5d9	4
V0GC_3c74bbd91e59d81e	4
V0GC_3c75ad824c842c88	1
V0GC_3cbb0dd1cbed6160	3
V0GC_3ccde2fab0e9d975	2
V0GC_3cf06ac30501511b	5
V0GC_3d06ad8560544062	1
V0GC_3d0a710341ed1d6c	1
V0GC_3d1be042b07fa242	5
V0GC_3d26e4721e0f5471	1
V0GC_3d28718ad4c5b9df	1
V0GC_3d28e13d6c1fe2b4	1
V0GC_3d2cdf525f9a537a	4
V0GC_3d40b8b10b96f28d	4
V0GC_3d418c509ba48bf3	3
V0GC_3d90882ffa87cf40	4
V0GC_3d93954fd184602e	3
V0GC_3d9f6ffb14cfee50	3
V0GC_3dacd91c3c34c27b	1
V0GC_3db4abdbb8c25137	2
V0GC_3db674a599cdc631	2
V0GC_3dba7c6aaf325114	1
V0GC_3dc0ce148f901f96	4
V0GC_3dc757e9b3ce67e7	4
V0GC_3de392bf3b91cf2e	1
V0GC_3de7aa529153dfcd	3
V0GC_3de8f81e8573ee23	4
V0GC_3decaebb59a3e7d2	2
V0GC_3ded6d8d1bb2de5a	4
V0GC_3df378bd2a883262	5
V0GC_3e0ecceba7114ccd	4
V0GC_3e15a658143b40c4	3
V0GC_3e27fccd0a8955f7	3
V0GC_3e476ae01cdb6f25	4
V0GC_3e5a0244a943ab50	2
V0GC_3e5a978fc2f315f7	5
V0GC_3e6354741fa8f9d7	4
V0GC_3e6e325545faad28	1
V0GC_3e6e701aadb3f9a0	2
V0GC_3e71161e75f7196a	2
V0GC_3e83f20fe41e2a8d	4
V0GC_3ea4ee0a25b6f044	4
V0GC_3eb31bb88823ef35	3
V0GC_3ec199d4f5c5b4c7	5
V0GC_3ec34c7137360344	1
V0GC_3ecb5b97c44eb1a3	4
V0GC_3ef502f4be58ca50	4
V0GC_3efdfae8d20b8d85	3
V0GC_3f108a8a232aa9f7	4
V0GC_3f1449c711e08ed5	3
V0GC_3f1950245335a27c	1
V0GC_3f1e05fa3b295e67	4
V0GC_3f20e8a5d7574a5c	4
V0GC_3f38e30f921e33b4	2
V0GC_3f48f191aaf2e9cc	5
V0GC_3f4c1209f29a8458	2
V0GC_3f6d5b492b201783	4
V0GC_3f710c7f89d49a4f	5
V0GC_3f736e5c17a8ec69	3
V0GC_3f871bd7f736b018	5
V0GC_3f8a3f02967f5ab1	2
V0GC_3fabe66605d6e430	4
V0GC_3fb0c9dace42fd6f	4
V0GC_3fb1441c125c0257	4
V0GC_3fc272f98665a454	4
V0GC_3fdd02091e73c554	3
V0GC_3fe64a0f488ba512	4
V0GC_3fe973879a27b580	3
V0GC_3ff55bfea100fab0	5
V0GC_3ffbee21e44311ca	1
V0GC_3ffc933b3c26a303	5
V0GC_400a9701fa3c2329	3
V0GC_400bec5357ede2a1	2
V0GC_40156b783e841467	4
V0GC_401a7ace6404ee6a	4
V0GC_402b16a9f48a676d	2
V0GC_40560cac482c732a	4
V0GC_405835919b1729c0	2
V0GC_405dc3bcd2eccdd4	5
V0GC_406d8aaf7e8b21fa	3
V0GC_40839e5ed390d9d0	4
V0GC_408a983f66fde957	5
V0GC_408c73d06a7f1a0c	1
V0GC_408ea36bd7c11b9a	3
V0GC_409dcf584bfd0081	1
V0GC_40a73fe655f5d806	2
V0GC_40be25b1c377f19e	4
V0GC_40d54a8b0ddafda0	3
V0GC_40dd546005699d9b	3
V0GC_40e3827019b6f29b	5
V0GC_40f1f29d760bea37	4
V0GC_410916cfe48bcac5	2
V0GC_4115ea85eaf88946	4
V0GC_41210b1adaa8427f	5
V0GC_4133e7b1270282b8	1
V0GC_414180c0e5f8951d	2
V0GC_414d1248d9cad9a4	2
V0GC_4155fb60265edb4e	1
V0GC_415fa05fc940e303	2
V0GC_416813a6463bf4b5	3
V0GC_417059b77506d111	1
V0GC_4171a55d2c5ff929	5
V0GC_417adddaa6f3e9cc	2
V0GC_4181c0b66522fea0	3
V0GC_4184437466cca65b	5
V0GC_41ade4f6f1111c51	3
V0GC_41b29fc9b33f2ada	3
V0GC_41ba2cb2f31a960a	2
V0GC_41d28ca8d4bb83fe	4
V0GC_41d35873246e6633	4
V0GC_41ed1af52409863a	5
V0GC_41f44e40ee2e209e	5
V0GC_42048db2a5a2c412	3
V0GC_4215d5c13dbb0bbd	5
V0GC_4216a2c800894022	1
V0GC_421e807d9e646d00	5
V0GC_422a707ed1e4e5d8	3
V0GC_422b51d7a2850ffa	5
V0GC_423c7fd246a8466f	2
V0GC_425063d380100603	3
V0GC_42633fdac605c022	4
V0GC_4273705a4d31403e	4
V0GC_427ac06ccf9df047	3
V0GC_427d7c07aefe3274	2
V0GC_42853e0afe79188d	5
V0GC_428bbbf146211973	4
V0GC_4296dabeec5d182a	2
V0GC_42bbc29bf2701a65	4
V0GC_42c0405910f1c55d	3
V0GC_42d038a647b4a982	3
V0GC_42d5e62e474201b8	2
V0GC_42d9429241c13023	2
V0GC_42d98a3af110ee2b	3
V0GC_42d9c99adb6ab074	4
V0GC_42e43a38f579272b	5
V0GC_42eca771fabd6854	3
V0GC_433615e296982266	3
V0GC_433d1e403cf9af7e	3
V0GC_433da458e30763ec	5
V0GC_433edad53c502eaa	5
V0GC_43500a9028d0a4c3	1
V0GC_4358721d1c5ad55e	1
V0GC_435aaedea64eea8c	4
V0GC_435dfbd0d5814209	1
V0GC_43653c1f6d238872	2
V0GC_4365f1a383f41a65	2
V0GC_436f23f344f75bbb	3
V0GC_437000b6f0394e95	5
V0GC_43734cd4b3216cde	4
V0GC_4373adbea2d47577	1
V0GC_437c0655eae8b813	5
V0GC_43889b454dbbbca3	3
V0GC_438dd8eb3d52aecf	3
V0GC_43989f143a193015	2
V0GC_43a6d5cc16661335	2
V0GC_43edb59f1e507c9b	1
V0GC_43f165a81c4dfc67	3
V0GC_44013a0bf603b3ee	5
V0GC_4416f612fae9c105	5
V0GC_441f1775c42cefcc	1
V0GC_442031c000c2ea08	3
V0GC_442bd27ca3a45a56	2
V0GC_4445d3ae90ca0196	4
V0GC_445b2945eaaca019	3
V0GC_4462c753c2ec0221	1
V0GC_446c122c40fbbe7a	5
V0GC_446fd2db6bc8ce4a	2
V0GC_4475a5ac580cba7b	3
V0GC_44793c59af67ef7d	4
V0GC_448cceda67054c21	5
V0GC_44bcf4feb3685e31	4
V0GC_44ca2c8a26e1b4e8	4
V0GC_44cb27297e628538	3
V0GC_44cf1b4b4538012a	2
V0GC_44d47102dd54bda0	3
V0GC_44dd313d18c5082e	2
V0GC_44ddc59994f81cef	1
V0GC_44de18a839722b20	1
V0GC_44dfd778fd712234	1
V0GC_44e4adad4b744f19	4
V0GC_44e8a38ca0ff03ed	5
V0GC_44ef959c7a7afdf4	2
V0GC_44f2fd6d5e962e37	3
V0GC_4509961927ed6020	1
V0GC_4512b1a605cc82cc	2
V0GC_45138f3cd206329c	1
V0GC_451f0e5a90e4ac76	1
V0GC_4527d72bc0795dc5	3
V0GC_452cb61b424b55a5	2
V0GC_453282cedf438dec	5
V0GC_45334d32378d4f6c	2
V0GC_454270f492252cd8	3
V0GC_45490751fb54000b	2
V0GC_454d5bd66d6df818	2
V0GC_45883b6cdb543f93	3
V0GC_458ec07fe05fcd73	5
V0GC_45c36e652bf15051	5
V0GC_45c7946273c7966f	5
V0GC_45fc1873f17f0792	2
V0GC_45ffad0798a8a436	2
V0GC_4604bc55486702ae	5
V0GC_462733aa4c648b45	2
V0GC_4628590b2c71dcf8	2
V0GC_4635390487766727	5
V0GC_4652c8b166bd8792	4
V0GC_4680b43d7bbdec1a	2
V0GC_46a0664ed00281b4	2
V0GC_46a2eaa8aa5eea47	4
V0GC_46a4386f5b955d24	5
V0GC_46bb28ff42590ae0	3
V0GC_46bf29fb0bce5ee0	4
V0GC_46c63cae0a76b1a8	5
V0GC_46cf2e4cfd278b14	4
V0GC_46d1600b06b79397	2
V0GC_46d535ae35bacc5c	4
V0GC_46d61390d502ad9d	5
V0GC_46db9653ed46a12c	4
V0GC_46df8ee35c039abb	3
V0GC_46f7220b90f9d87a	2
V0GC_47000b9abeda6066	1
V0GC_47072c194f48ed6d	1
V0GC_471b2c1e22411cfc	3
V0GC_471b7ec172ebdcff	5
V0GC_471d75cbc88087c6	4
V0GC_472c5c27755bff61	5
V0GC_47406b7764aca97b	4
V0GC_474754a829501428	2
V0GC_47508ec5492f9871	3
V0GC_4755a12b9a6e9050	5
V0GC_475d92491bb61548	3
V0GC_477b4bb71227f7c7	2
V0GC_477c87c030b17af7	1
V0GC_477f97da4591a2ec	1
V0GC_477fd7bb5ba4646d	3
V0GC_478128b515bc5a45	1
V0GC_478249e7a9a196d5	2
V0GC_478ef66eab5ef7a3	5
V0GC_47949b447c5bf8ac	5
V0GC_4796b38bfa3c367f	4
V0GC_47a804b37afad18f	2
V0GC_47ad4c7895fca365	3
V0GC_47b4dd4a005ade7c	1
V0GC_47c6c7b21f4f32cf	4
V0GC_47cc58180d10afa1	5
V0GC_47d7bf9cccbd1f0e	2
V0GC_47e440cfac5cba9c	2
V0GC_47e75ff62eaed012	3
V0GC_47f66794e2892d9b	4
V0GC_47faabdfdee7a1a9	5
V0GC_47fcf8386930f8a3	4
V0GC_4811e8e24ca62137	5
V0GC_481a2d92df444d31	4
V0GC_48229c706e0b760c	1
V0GC_4832589746fa6e7d	1
V0GC_483fa412e6f096be	1
V0GC_48492a2009e5cb12	3
V0GC_485b29e05eda7e7c	2
V0GC_48644d7b69671380	3
V0GC_4870e73d6c026d6e	1
V0GC_4880341786a157ba	2
V0GC_4882aeb71a6e466a	3
V0GC_48980736be742d66	3
V0GC_48a225a55ccd9aa7	5
V0GC_48b0ef95cbde02ee	1
V0GC_48c06078b3d45f83	3
V0GC_48e11dde5c9598b1	3
V0GC_48f6e2bfbd035653	5
V0GC_493822398fb49d30	1
V0GC_495325563308730b	2
V0GC_495ec57e9c9b4969	2
V0GC_4976fa27167a4cb1	5
V0GC_4978699f0be9f9be	4
V0GC_498caabe6fbb139a	4
V0GC_49962cfd63e90a2c	3
V0GC_4996f856d2ba98ce	4
V0GC_49a618838fceb669	4
V0GC_49b080ef967a8419	2
V0GC_49bc101605fc273e	1
V0GC_49c1175aec3190cf	5
V0GC_49c680be737cd4eb	4
V0GC_49e220e59fb78e1a	2
V0GC_49e559e3f3cd1266	1
V0GC_49eda3c7a9169b8c	4
V0GC_4a47af3a124debf6	2
V0GC_4a600c84da5c4473	3
V0GC_4a63da1f57bb50db	4
V0GC_4a7af5b9f5b29cbb	4
V0GC_4a82d1fb3079cc3f	1
V0GC_4a89722154c42c77	5
V0GC_4a9d7fa34ba96ecf	5
V0GC_4a9e3358598d2f42	3
V0GC_4aa8a6b010c0c00b	3
V0GC_4aafa0d9ac9f68e6	3
V0GC_4ac3325791b1c7f3	4
V0GC_4adea6e0d8876848	2
V0GC_4adfeddd66a91531	2
V0GC_4ae197ca695b7e16	1
V0GC_4af1e9a52ec519ea	3
V0GC_4afaa7d6445e9519	5
V0GC_4afbe3c93886e6aa	4
V0GC_4b1412c6189f32d7	3
V0GC_4b1bb3267f29c378	3
V0GC_4b2484b9b1d12324	3
V0GC_4b2a7d04b3712525	4
V0GC_4b2fee0f15ece14d	1
V0GC_4b3dc2ed38174598	3
V0GC_4b40ae1dd9582545	5
V0GC_4b5ce90f4317bf2a	1
V0GC_4b6e94f9675f2c4f	5
V0GC_4b73f5b3b3ad1c6f	3
V0GC_4b7a64af5e7f55e3	3
V0GC_4b804e36175ce53a	3
V0GC_4b811f5ebded231e	5
V0GC_4b826b02907a44cb	4
V0GC_4b84597baed256b3	4
V0GC_4b8ddc0938c6f613	3
V0GC_4b93003837c08bae	4
V0GC_4b9ac944826480ae	1
V0GC_4baa4a40e5837aef	3
V0GC_4badb37031cd6018	5
V0GC_4bc83206ac96e8a7	3
V0GC_4bcd8216a9593c10	4
V0GC_4bd5e4764bdf3e53	2
V0GC_4bd75bfa0f8f2845	3
V0GC_4bd77e13e6581302	5
V0GC_4bdc359de3046e9e	5
V0GC_4be596bf390aa88b	4
V0GC_4be6e0e4f3575e4d	1
V0GC_4bea03ff7f272a49	5
V0GC_4bfd1e71652e4768	4
V0GC_4c007fa22fe6f76e	2
V0GC_4c0ffa065a43c0cb	1
V0GC_4c14b9821290acf9	5
V0GC_4c160bdc27edf237	1
V0GC_4c2ef12d986f7104	4
V0GC_4c44261844e1b549	3
V0GC_4c7fba2bbfabef6e	2
V0GC_4cb0372796b2280e	4
V0GC_4cb4ca415da870df	1
V0GC_4cc230ce3f9dd193	1
V0GC_4cc46e20d81c7c9c	3
V0GC_4cd5b058a2d36814	2
V0GC_4cd8f48cd47a0d94	1
V0GC_4cf9b02afd23eb7a	1
V0GC_4d0088d439eb15dd	4
V0GC_4d02777deebf9727	3
V0GC_4d0342853d61c386	4
V0GC_4d07c26a9aa0a88f	5
V0GC_4d1a1c7b05d85c03	2
V0GC_4d1bf55d0165ed5d	1
V0GC_4d24aa0a2e7707c0	2
V0GC_4d26106d08b284b9	4
V0GC_4d3e83e7dc86ce12	5
V0GC_4d4ca7bdab4b3e72	3
V0GC_4d50e8f164ed9426	1
V0GC_4d52942196267988	3
V0GC_4d60dd9e90361b17	5
V0GC_4d88c8bf0f9abe85	5
V0GC_4dd99343f273ea3a	3
V0GC_4dec4583caccaf49	5
V0GC_4df4246496a559dd	2
V0GC_4df92e959c1bd8b2	2
V0GC_4e13fa268ba3654a	3
V0GC_4e1a636037b4f76c	1
V0GC_4e35f240df6b7edf	2
V0GC_4e3da7747b4bcecd	5
V0GC_4e44728dc2b561a2	5
V0GC_4e518890df79674e	3
V0GC_4e5c2d4ae504f435	2
V0GC_4e5c4f87cbcb4420	2
V0GC_4e63857c8bbaa783	2
V0GC_4e6f20b86a3736cb	5
V0GC_4e70cc16eea8acc4	1
V0GC_4e7165a12303de9b	4
V0GC_4e726b184cc516b9	4
V0GC_4e726b862b2cb9d8	1
V0GC_4e7a8380f7032cac	5
V0GC_4e864270693034f9	4
V0GC_4eb28b507a48d1dc	2
V0GC_4ebee00391906e6b	1
V0GC_4ec2b1ca1e409044	5
V0GC_4ec39a3d9e0ebc20	4
V0GC_4ece24edef1f2c15	1
V0GC_4ee092e3058eed85	1
V0GC_4ee2736a6f75455f	5
V0GC_4ee8156f9784e2a0	4
V0GC_4f02d639a4621903	4
V0GC_4f0766fa2ffa8550	5
V0GC_4f22be2323c887a6	3
V0GC_4f290b3cfd8f350d	4
V0GC_4f2d9e93ae170d6b	4
V0GC_4f3534fd906d938a	1
V0GC_4f5c904c1c026feb	1
V0GC_4f6c8e0187afd2b2	3
V0GC_4f86e9e914df739b	5
V0GC_4f9348eebf375d56	5
V0GC_4f93ba2670ed2fd8	3
V0GC_4fa641ebc4937ae1	5
V0GC_4fc00cbb6ac00fb3	5
V0GC_4fc020185a0fb3bc	3
V0GC_4fda5fb8ad3f87a9	2
V0GC_50176fe3a7dc7bb5	4
V0GC_501aa911238424cd	5
V0GC_5023c4a9dd9377cc	3
V0GC_5023eebe75f25c42	2
V0GC_5023fc63adc7da88	3
V0GC_5038dcc6ca197b95	5
V0GC_5048b91075239510	5
V0GC_504f608ab742b417	5
V0GC_505003140fccea28	3
V0GC_5056b4142131f1a0	2
V0GC_5059361c6868da9d	3
V0GC_505bd4edacd8a2be	1
V0GC_5079e472d1633dd2	5
V0GC_507acbbd05227396	3
V0GC_508a6cd348771ccf	3
V0GC_508c35e83bf1fdca	5
V0GC_509697e67213ece8	2
V0GC_5098987368c137a9	2
V0GC_50a32ba9b8397fae	2
V0GC_50a5e9412c5ce752	4
V0GC_50ac5479cabb7b2f	4
V0GC_50b17574f7568b7b	4
V0GC_50b42ecb86833a8c	2
V0GC_50bad9fc47c3d96b	3
V0GC_50bf59f1f8755200	5
V0GC_50c428d2c459218d	3
V0GC_50c9a74299779611	3
V0GC_50e7864970550c02	2
V0GC_50ea72d39bcfb0f3	5
V0GC_50edd9e5cdac573f	2
V0GC_510967066db74635	3
V0GC_511622611b7b4531	1
V0GC_513af39fa5c60ce8	2
V0GC_513beb3a5d106c41	5
V0GC_5141650c00b86944	3
V0GC_515b26300b62b180	4
V0GC_5163748018d1ad2f	3
V0GC_51645012bb02351d	2
V0GC_5167cfe0d8959728	5
V0GC_516e74e7d098ca83	4
V0GC_517b016fcb6d8adc	4
V0GC_517bb38cca800e48	2
V0GC_517fb0bbff78a1ca	3
V0GC_5181c3ca7f06bf50	5
V0GC_5184b7e7eb516f44	5
V0GC_518e551319672ec6	1
V0GC_519eb43629a7eb26	2
V0GC_51a4e714018c75dd	2
V0GC_51a5c47aed4cc5d0	4
V0GC_51a7baaa41fae0d5	2
V0GC_51b4d189a1d3572b	2
V0GC_51ca14e48e6104c2	1
V0GC_51d98bf741b766b4	3
V0GC_51e6f71c0c1cd10b	4
V0GC_51f082ba1e91d446	5
V0GC_51f3407819603924	2
V0GC_51f9268a85b0a5dc	4
V0GC_51fdcc3ae49deccb	5
V0GC_51fe2b84e20ded6e	5
V0GC_51ff1b3452912c55	4
V0GC_520475176ea6bec6	4
V0GC_520717ee4c36f087	4
V0GC_521d5cdcc8a8fcde	5
V0GC_522a1e7db9120f65	3
V0GC_522f2a5b50295580	2
V0GC_5233464d1f277f59	3
V0GC_52428d3e3ea76ae2	5
V0GC_525e4c5ceb440aea	2
V0GC_526886a01fdfa831	3
V0GC_526ff5e0937d7496	5
V0GC_528add24a4f4ec22	2
V0GC_528f10d126588592	1
V0GC_5297b635fdacd8cf	5
V0GC_52d6d0223d5a8b15	4
V0GC_52da19b96ecfc75b	1
V0GC_52f09e725f5b38bb	3
V0GC_53137d32332277e2	1
V0GC_53356f41a9c3011c	1
V0GC_5337e5a005028565	5
V0GC_53402f714ec51af9	2
V0GC_5340d2e7bb87f846	1
V0GC_5342185f99a14f4c	3
V0GC_534fb5c14197c464	5
V0GC_53677c6ce7829245	2
V0GC_53757b60961ee590	4
V0GC_5379f44001842a13	2
V0GC_537a27090fb91fd4	2
V0GC_53981f1973e85d41	1
V0GC_53ca2b3501ca4ff1	4
V0GC_53cb2f74778d3ddc	5
V0GC_53cc96a1a925c404	3
V0GC_53d8449becbfd749	2
V0GC_53e29b9e048ed11a	4
V0GC_53f33c0fbce4976a	1
V0GC_53f5fdff5034efe4	2
V0GC_53f67bf4d82f3411	1
V0GC_53fba3277df90a7b	3
V0GC_5406b940b7aa72aa	5
V0GC_5408a4dd62cde4ba	2
V0GC_54180b59122c53ff	4
V0GC_541cf6e7058d37c2	5
V0GC_542684f5b7879add	3
V0GC_5429b8d6fd9cc007	2
V0GC_54377d90fef42276	2
V0GC_5453f95a83ec2053	3
V0GC_5456b76a958c3b97	4
V0GC_5467cff26ad5c398	4
V0GC_546a9b43a5eb0870	1
V0GC_5470a33707e657f5	5
V0GC_5471f08733c0b933	5
V0GC_547d0da7bc3281ca	5
V0GC_548fdecef4b03037	3
V0GC_549109002c9c8c68	2
V0GC_54a3c0b14da46663	3
V0GC_54ad1757c379cc24	1
V0GC_54b4cceb406f86ff	2
V0GC_54b59e873c259f8c	5
V0GC_54bd93fb17827cb6	3
V0GC_54e49d1068ff0f3d	5
V0GC_54ee5cbd0998790e	3
V0GC_54ff317c7a2388e0	2
V0GC_55053915d70eb46f	3
V0GC_550c094202e22d18	5
V0GC_550e12dd7541cc2f	5
V0GC_55120117bcf903c2	5
V0GC_5520ae2819b9ecd8	5
V0GC_5529a9efe29449e6	3
V0GC_5530a1296d5257f4	3
V0GC_5541f1b71a51ee0f	2
V0GC_554764fb0d385f5a	5
V0GC_554939617a15ae17	5
V0GC_55512543d5be2d40	4
V0GC_5554c6550c8bb3f6	1
V0GC_555b3442909eb182	2
V0GC_555f330da8d48992	4
V0GC_55666f1b9f742e6a	2
V0GC_5575bd8214b4ae5e	5
V0GC_558b6e6ef85c0900	3
V0GC_559665d5a7827ff8	4
V0GC_5599968f4e3f38cd	1
V0GC_55a1babf73acf783	4
V0GC_55aa2d2bc400f9cb	2
V0GC_55c57e0956466227	3
V0GC_55cded1afa443304	2
V0GC_55d18fc72420ad0b	5
V0GC_55f9c3e24c2fade2	5
V0GC_56042f505e0ba240	4
V0GC_560e1d813d56efb2	4
V0GC_561dbeb1d559e7fe	1
V0GC_56297b4bd75e7470	4
V0GC_56322b620e7a89ee	4
V0GC_5633f9cc7e10096d	1
V0GC_56592b4c49254c4c	2
V0GC_5675b501da509488	5
V0GC_5675c5ad5d3a2a09	2
V0GC_567c3d863630d420	5
V0GC_5680624784820bb0	2
V0GC_56873c61335e754b	5
V0GC_568d2daf0797b9da	3
V0GC_569cf81c1152313f	5
V0GC_56a048391dbfc448	1
V0GC_56a16bc302d78aca	2
V0GC_56aad112b392f490	2
V0GC_56b025c957cdd877	1
V0GC_56c253a859d6e222	2
V0GC_56c43243977e2273	1
V0GC_56d21e9f34f5e2b7	5
V0GC_56d2be95b841117b	5
V0GC_56ea526118b81f27	2
V0GC_56f708056c79288f	1
V0GC_56fad02daab53f39	5
V0GC_56fd8e3943ed594d	5
V0GC_56fec1f28990752c	3
V0GC_57184274f4f5bbd3	5
V0GC_5725ba0eb6a71bbd	4
V0GC_572c852566871c2e	3
V0GC_5736ee8aad3dc277	3
V0GC_574509f8619b523e	1
V0GC_575d73f560ade832	5
V0GC_57602c5d9de4f7cc	5
V0GC_57685e3d64887562	2
V0GC_576a0324241a1d19	4
V0GC_5783c503f60b3219	2
V0GC_578e079f66c7240d	4
V0GC_57b09a7b907f45fb	4
V0GC_57c2402894378a43	5
V0GC_57cea30422d3cc88	3
V0GC_57d9a40e72bf4d49	5
V0GC_5806cf031200f8c8	5
V0GC_5808a8194bcc4c39	5
V0GC_5820eaa2939f42d3	1
V0GC_58254ffdc04c674c	5
V0GC_582572cdd5119335	4
V0GC_582cbb456262b09f	3
V0GC_5837350c113f54ec	2
V0GC_583bd58ed37379d9	2
V0GC_58464229763e0dde	5
V0GC_58551ad4b3eb7603	3
V0GC_586bfe3704f0ab56	3
V0GC_58728b6845c89350	1
V0GC_5875a6045bedf957	2
V0GC_587713c87cde0998	1
V0GC_5886295644bb915c	2
V0GC_5889e34ae2079397	2
V0GC_588c8d7991c6cc6d	2
V0GC_589e5cebe5e3a48b	3
V0GC_58b2eaa507d41860	4
V0GC_58bc633c63ee100d	1
V0GC_58cfd46156b4c731	5
V0GC_58d803f97ca31182	1
V0GC_58e24d9a9d7f3d7e	3
V0GC_5905d024a7265da5	3
V0GC_590e027afcf6fb19	3
V0GC_591d1b593f3c6eae	1
V0GC_59495f40d3540acd	4
V0GC_594aea76703af80a	5
V0GC_596bd6cc79f53ac7	5
V0GC_5971237c6cbb643f	1
V0GC_59714f8a6a395634	2
V0GC_597ab82c1e8c56fd	4
V0GC_5986910490dc626b	2
V0GC_5992acae9fb7f3cd	4
V0GC_59994d6d6471fe48	2
V0GC_59a342b37f43792d	5
V0GC_59ac6b6fd7f909fc	1
V0GC_59b08779df618319	3
V0GC_59b265871fdd65f2	2
V0GC_59c96d6974f5f12b	1
V0GC_59cef18d73d3549d	1
V0GC_59ec809f33c5c580	3
V0GC_59f6e41460c9cc8d	3
V0GC_59f94f920fa4157f	4
V0GC_5a0c50b21547b9e0	5
V0GC_5a112bf4fb7ee596	2
V0GC_5a1ca483c15efbbf	3
V0GC_5a26985694ee57fb	5
V0GC_5a28c7c9332ee9dd	4
V0GC_5a3116849a01ee7e	1
V0GC_5a38f13ec72499d2	1
V0GC_5a3de6c083665aae	4
V0GC_5a45cb8eec44ca11	5
V0GC_5a465f147e8ec820	1
V0GC_5a48678c1df2cebc	5
V0GC_5a48c689d437363f	1
V0GC_5a57cf7a50c6a626	1
V0GC_5a583f8176a43b56	5
V0GC_5a608f8e8a6abe56	1
V0GC_5a97b4c6bcd1b93b	5
V0GC_5a9bff17fe37e507	2
V0GC_5aab2f073bdd3777	5
V0GC_5ab48a850e799e2f	1
V0GC_5abd0c0c55872811	1
V0GC_5ad24f85e9cf0fc4	5
V0GC_5ad4de96f378e527	4
V0GC_5aee11a051a73ecc	4
V0GC_5af0c8f88b706127	1
V0GC_5af31e5e6929ffa6	2
V0GC_5afbc9b9d8621d1f	4
V0GC_5afca37f8d32a8a9	1
V0GC_5b016517fc350542	3
V0GC_5b12ffe1e6810ca8	4
V0GC_5b30737683ca1aff	3
V0GC_5b32de61d5518cdc	3
V0GC_5b41f484639af021	3
V0GC_5b44b7c112f32f02	2
V0GC_5b57712ff3d5bcb4	5
V0GC_5b60647fca974220	4
V0GC_5b76f8290dbacab8	2
V0GC_5b8b2280462432d3	1
V0GC_5b959fcf091e751d	4
V0GC_5b9e694eaa583fc1	5
V0GC_5ba97d5f544233a3	2
V0GC_5bbe94838d3ab44f	5
V0GC_5bc49623aa412568	1
V0GC_5bc6ee76c18fbce4	3
V0GC_5bd0e9ccfe35458b	3
V0GC_5bdd3f6c73643775	5
V0GC_5be05f2d7b8447f7	4
V0GC_5be5a7d7a9dc7f28	4
V0GC_5be7ad141710eb40	2
V0GC_5be7d81a4daedd53	3
V0GC_5bf6c5f5af4ff69a	3
V0GC_5bfd34b798839840	1
V0GC_5c0278bb3c002307	5
V0GC_5c042bfc2f08b331	4
V0GC_5c1de86590896648	4
V0GC_5c21561fe537619f	2
V0GC_5c3ec293ef3d5e14	4
V0GC_5c45e1d71c064fc4	2
V0GC_5c5321b979491b8b	4
V0GC_5c55f809af8149f4	2
V0GC_5c5c3c242029ffd3	1
V0GC_5c621b47cbba217f	2
V0GC_5c836ca5b9b88bf0	3
V0GC_5c8b2c98f8bf58f8	5
V0GC_5ca1577325a33831	5
V0GC_5cbf2083b5e6fdc4	5
V0GC_5cc8a6d2396d699b	3
V0GC_5cd7ced4b2f8516e	4
V0GC_5cddd91239314c73	1
V0GC_5cef8d66962bf0ed	3
V0GC_5cf79eee5ce746c5	5
V0GC_5cf91a5544b68a57	4
V0GC_5d0d1970e1feec5a	5
V0GC_5d161dec9bf4fee3	2
V0GC_5d214e1ea92b6f62	1
V0GC_5d23e9104675912f	5
V0GC_5d360432d3263d3f	3
V0GC_5d379098d06ca80c	4
V0GC_5d441e3ac03b3315	2
V0GC_5d4769a11961fb85	5
V0GC_5d539109a3e4131b	3
V0GC_5d5693343896e162	3
V0GC_5d5e3b606a19c38e	3
V0GC_5d69211efeb37fc3	2
V0GC_5d76b99100113f07	2
V0GC_5d84cb5b2711394a	2
V0GC_5d94725437a37e2c	2
V0GC_5d98f18ef9993cbe	5
V0GC_5da42bcfa6e07292	1
V0GC_5da4f9bebbc2138d	5
V0GC_5db62560f940425e	3
V0GC_5de85b48a61d30c7	2
V0GC_5df349b9056919e1	1
V0GC_5e025d012e4e1131	2
V0GC_5e056bf40e9e61ee	3
V0GC_5e092d92934b4018	2
V0GC_5e0be86032e39f13	3
V0GC_5e14abf747f68c7b	2
V0GC_5e183f1f8943cbdb	4
V0GC_5e27ffdce4fffd94	2
V0GC_5e31476acf64667a	1
V0GC_5e34f8803568d33e	1
V0GC_5e36ec2ba586f3c7	5
V0GC_5e3b2a00e22c92b2	4
V0GC_5e3b2acf6ffb5971	5
V0GC_5e4ca50931635a8b	4
V0GC_5e5ac08cca9fe91b	2
V0GC_5e60ab6745ca529d	2
V0GC_5e71f680a4af7634	1
V0GC_5e9302c64a746595	5
V0GC_5eb2e85910293c6c	3
V0GC_5ec6f4415ab24dc3	3
V0GC_5ee1959480250378	5
V0GC_5ef76a2d3fc345fe	4
V0GC_5f15f570a689e567	2
V0GC_5f1df6662f01e5c3	4
V0GC_5f2d9d33d5a8f786	5
V0GC_5f2fc5c55d0c4084	3
V0GC_5f302dfad6f11c7d	3
V0GC_5f34146a1cc069f7	4
V0GC_5f341c2e3dd9eaa4	4
V0GC_5f3d7babbff61c6d	3
V0GC_5f4f5514180dcfbe	4
V0GC_5f591322040e91b3	5
V0GC_5f5b44c3c017babc	1
V0GC_5f712774e124717b	2
V0GC_5f7d3216db194854	5
V0GC_5f828f49c000cc59	1
V0GC_5f849929cdb5c8d0	5
V0GC_5f903e6b2a0e71c4	3
V0GC_5f97925a0a8f0b27	4
V0GC_5fb63f2f2035067a	1
V0GC_5fd2f748ed5022a8	5
V0GC_5fd642a38e586269	3
V0GC_5fe3e46f6c0dfd6d	4
V0GC_5feac1ef37f46912	5
V0GC_5ff2e95d58e9a3ef	5
V0GC_6000322a16d51b3f	4
V0GC_6002007233311797	5
V0GC_6005898af5bba609	4
V0GC_6005ff88ac6bec75	1
V0GC_600a62e2e2b3cb49	4
V0GC_604135c0aa747111	3
V0GC_60557795b34b72d1	1
V0GC_60574446477dac78	4
V0GC_60591738af8374b2	1
V0GC_605b245a894c345e	5
V0GC_6071fd5a9c9ea802	3
V0GC_607bf8f407d2fa15	4
V0GC_607c1a7c1b9dcb61	4
V0GC_60879131af5e3bc1	3
V0GC_608b0c36bf0acffd	2
V0GC_60ba4a600beea30e	2
V0GC_60bf40b2fabddb9d	4
V0GC_60bfaba60888c4b3	2
V0GC_60c7755d70b1bf6a	2
V0GC_60c9f85ce9c614b4	5
V0GC_60dac0f2246e5bfe	3
V0GC_60e256e6aaeda325	3
V0GC_6115f972cd768786	2
V0GC_61274dd365aa856f	3
V0GC_61296a513c721b99	4
V0GC_61316538c461799c	4
V0GC_6131e1e35344c345	2
V0GC_6136ac8d868339b1	5
V0GC_61390ac30b8f8888	5
V0GC_613a4eb559c481d8	5
V0GC_6141bc8092b66587	2
V0GC_6146cb778885a7de	4
V0GC_6147af345d7ae3d8	5
V0GC_6148510ac331292d	3
V0GC_615dd8a7ff50ca1e	1
V0GC_61a0647b5dad219a	3
V0GC_61f06cec5448970f	2
V0GC_61f24519579468b4	1
V0GC_61f47d77069225ad	5
V0GC_61fc89856de88f58	3
V0GC_61fed0e1f70250fc	3
V0GC_6206f5a98500b863	3
V0GC_622b4b401d23379d	4
V0GC_622d7ead82b64ef8	2
V0GC_623f37397214ce7b	2
V0GC_626f9be0e5a536dc	3
V0GC_627248950214c342	5
V0GC_629ff32baf77ac58	2
V0GC_62ab6a4e4ed5538a	1
V0GC_62b9c7932cbcee6f	4
V0GC_62bd84b8eea92288	3
V0GC_62c0a06d8d9c18d0	1
V0GC_62c18b7c18a97656	4
V0GC_62d39dcadb161392	5
V0GC_62f8e45b9fae8a81	5
V0GC_63037e03659af049	2
V0GC_631968315e834245	2
V0GC_631b5f1924ee5a64	5
V0GC_631e04e8d8d68889	2
V0GC_6328e5f45ce8e1a8	3
V0GC_633fc40a61f6e8ca	2
V0GC_6360431976c5457a	4
V0GC_63695c026627a6b9	4
V0GC_637190034fbdc488	2
V0GC_6375c10ed0cef69f	1
V0GC_637b32337dce24c4	3
V0GC_63836256e2be83af	2
V0GC_6384117fe3235046	4
V0GC_63b17ab9ff9912ec	2
V0GC_63b8b9bdf4a430e0	2
V0GC_63c6b493dc5ecf20	5
V0GC_63d1b1c2d0be615e	4
V0GC_63e3ee5e61ef12c1	5
V0GC_63e4267337857092	4
V0GC_63f8f56ff6c30d5d	3
V0GC_640109247e71a90d	4
V0GC_641013421197ca34	3
V0GC_6422886aa1782364	3
V0GC_643163e01286d76f	4
V0GC_6445b8ff62896ddc	2
V0GC_6447edb9bb7c84da	4
V0GC_645177b654a246cb	1
V0GC_646de9f8b550ebf9	1
V0GC_6473f8329373d585	4
V0GC_647577eb6684653a	4
V0GC_647cdf1f49b0ecbe	1
V0GC_647e15401c293034	4
V0GC_6483060a6cf3208a	4
V0GC_648965f9bc0bd8e2	3
V0GC_649014eaf107d2f0	3
V0GC_64a79f015e61d13f	3
V0GC_64aa5fa53e72583f	5
V0GC_64b5151a4647749b	3
V0GC_64bf6f36e3e7a9b0	1
V0GC_64c855254979321d	4
V0GC_64ca9ea625ed914d	5
V0GC_64df2621c5af85f0	3
V0GC_650e533a82996dc7	3
V0GC_6516e2baea6d7e60	5
V0GC_652853067da88f4f	3
V0GC_652b525a200bd2dc	3
V0GC_6530da5c0fbe0ffb	5
V0GC_6533809ff7759b82	4
V0GC_6536ef04c6f3db4a	5
V0GC_654b6d34b98b7253	3
V0GC_654ee29ae6efd11d	3
V0GC_655fa365ec80870e	2
V0GC_6567390ec0bd5374	3
V0GC_6570def15b6f904b	1
V0GC_6573004f3f17dc61	4
V0GC_658fcbfff264220c	4
V0GC_6595eadefdf8adc4	4
V0GC_65a39a18d97f1ffd	1
V0GC_65a5b663138cc0b4	3
V0GC_65c834ba9a80889f	4
V0GC_65c8b74035e1977c	2
V0GC_65d9be581d90f58e	5
V0GC_65e6347df3919fae	1
V0GC_6619014314955a94	1
V0GC_6620f4c022952415	3
V0GC_663a097bd60a13b6	5
V0GC_66607d6b4c9c4a07	4
V0GC_66689a646b00e99e	3
V0GC_6675fcec8d14452a	3
V0GC_66820ac161d247e2	2
V0GC_6694b88f8d1f41f4	2
V0GC_66accbbaff99bcb4	1
V0GC_66b16d8860e45b86	4
V0GC_66ba4d2d84d07fc7	4
V0GC_66bb3e5f52eabfe0	3
V0GC_66c02feb5c839ed2	2
V0GC_66c8dd6e710c060e	5
V0GC_66ca63e6719635b0	3
V0GC_66cb30ee384f014f	3
V0GC_66da6950cc3e069a	2
V0GC_66ecf890d053c3cd	1
V0GC_66fb56f48c3cddac	4
V0GC_66fb867fd79a56b4	5
V0GC_66fd3fec50bedc0d	1
V0GC_670033d51835d039	2
V0GC_670ff3d064c4188f	4
V0GC_672c22b17856cb87	5
V0GC_6743e8160871a74b	2
V0GC_6744b31fec34f518	4
V0GC_67561b26c3b32b2a	5
V0GC_675cf71233dc6053	1
V0GC_676384708ee7b9cd	5
V0GC_6779bf728864b965	4
V0GC_677b3f49c4aa16ba	5
V0GC_678d5ae1a8deac86	1
V0GC_678ee07394443983	1
V0GC_67a88860f08fd047	2
V0GC_67ab6ea0d7322214	4
V0GC_67ae23bbc7c8208c	3
V0GC_67b0f176610ccaeb	4
V0GC_67b5283b032fd642	5
V0GC_67c47b4ee5fabf1f	2
V0GC_67c82d4df92188ea	3
V0GC_67c8d1a3cf55476b	3
V0GC_67ccc4140d80e69a	2
V0GC_67d39b91185d73e9	5
V0GC_67d5986aab6be37a	1
V0GC_67eeeb7eda49a2c4	1
V0GC_67f07c995cb30879	2
V0GC_67f1543f65d7c0d1	5
V0GC_6802675504c8d337	3
V0GC_6805213c1b1e781e	4
V0GC_68052c1c8c2a98b3	2
V0GC_680835d476ecf7c6	4
V0GC_68232d3b3b2c3335	2
V0GC_682b392f72151596	2
V0GC_68382f0a85cf682f	3
V0GC_68423768047f8eb5	5
V0GC_684e3c08130d752d	2
V0GC_6850c8e43b176230	1
V0GC_685245c0b881b035	2
V0GC_6863c92a9643ea79	4
V0GC_6866d58cf7f9a616	2
V0GC_6870021b07e9ad24	5
V0GC_68798deadfc0c680	5
V0GC_687aab9897d764b5	2
V0GC_687d5e710e974b6d	1
V0GC_68818725b1c9f9ab	5
V0GC_688284ef4ec58632	2
V0GC_6894dbd131b4db67	3
V0GC_6897947b7ca3d06e	3
V0GC_68ad2c720e796702	4
V0GC_68bf8457a8e27749	3
V0GC_68dac106d94c9401	4
V0GC_68de95af81830799	3
V0GC_68e912e13176c381	3
V0GC_68f3e12c2814cfaf	4
V0GC_69099126b0226210	2
V0GC_694a757aa54b2e79	5
V0GC_6953d475cd2af6a0	4
V0GC_6963e9baf9089a79	3
V0GC_69694032101dcca0	1
V0GC_6972de609e19c7b2	4
V0GC_6981cc02ddce7c48	3
V0GC_6990b2b3d02fc7de	3
V0GC_6998554603f7df40	3
V0GC_699ddc70779dd957	3
V0GC_69acdb9162f5b953	4
V0GC_69ae635351f06801	4
V0GC_69b3e8f1f1a7caf1	4
V0GC_69db1e7c45d18b79	3
V0GC_69e0010947827b71	1
V0GC_69eb267852b5bfe6	4
V0GC_69f7ce3168bbc630	1
V0GC_69fe81de9086b7a2	2
V0GC_6a07b4d31e028cda	2
V0GC_6a0c6f4fcb49051d	4
V0GC_6a1d153669381717	1
V0GC_6a240ce97d3fa593	1
V0GC_6a24aa73dbc703c5	3
V0GC_6a24ae81bad50a81	5
V0GC_6a2ab8cba0318588	3
V0GC_6a2fa20c31fa0261	2
V0GC_6a35c261682563e7	4
V0GC_6a361542f407ac15	4
V0GC_6a48aace36341e57	3
V0GC_6a4b37db72406d51	4
V0GC_6a53e0dd4c6c34fe	1
V0GC_6a5b91a084a05403	5
V0GC_6a5f527770f84e0a	1
V0GC_6a7c17cad00986ed	2
V0GC_6a869e0214d9279b	2
V0GC_6a86e4c1ad0576a9	4
V0GC_6aa73d38558358db	4
V0GC_6ab79feb315f3897	4
V0GC_6ab81c6fa15e9e86	4
V0GC_6abc6dcd094d33d0	1
V0GC_6ad08069f91c1641	2
V0GC_6ad6963b6648ecbf	2
V0GC_6ad800e3bb1fe97b	4
V0GC_6af2e7b5c40cb9c3	5
V0GC_6b060b3952b34a80	4
V0GC_6b1bd8374e93c0aa	1
V0GC_6b1f77cadd5cc568	1
V0GC_6b28c494c5beed4e	5
V0GC_6b364eded216c728	3
V0GC_6b4d5dd4d8284944	3
V0GC_6b67c50d710bd770	5
V0GC_6b69fbcc893c272b	2
V0GC_6b759bfec492c557	5
V0GC_6b814c0550496ee8	4
V0GC_6b88777e400ccd27	1
V0GC_6b88b71818e8f048	3
V0GC_6b8d34b9a3d098b1	1
V0GC_6b92f518ec95b357	1
V0GC_6ba6ed034da6e951	5
V0GC_6ba6efa2e26cd908	4
V0GC_6bb2bdf209cfc90d	2
V0GC_6bc468e113383d7a	3
V0GC_6be4843cabb6bf63	1
V0GC_6be78c51fbaaf435	2
V0GC_6bf2acbd1938f393	5
V0GC_6bf8bbcc1ec9b332	1
V0GC_6bfc6b5914b2d855	1
V0GC_6c0fec6ffc2e5bef	2
V0GC_6c1561613b5fb89b	3
V0GC_6c1a2c7e404c6345	5
V0GC_6c21c5c45bf06c30	5
V0GC_6c2ad9b15ce883f2	2
V0GC_6c4516cabbd0cee4	2
V0GC_6c6eace2d06aa388	3
V0GC_6c894acc07dca02e	5
V0GC_6c8ab06109f1f822	5
V0GC_6c907134802feeeb	5
V0GC_6cb0f74ffc2bac88	5
V0GC_6cdae8c32380b511	3
V0GC_6ce375c5defc175a	3
V0GC_6cfa118604613114	1
V0GC_6d1aa8c9d541644d	3
V0GC_6d336d8d6212b247	5
V0GC_6d3b92b02ddfd694	1
V0GC_6d48b3c807306daa	2
V0GC_6d5312be8bd13860	4
V0GC_6d59eea237b54bf6	5
V0GC_6d5dfc3a8b271821	5
V0GC_6d65604a424524ca	4
V0GC_6d912de4f212ea69	2
V0GC_6d9b77ec03df1d67	5
V0GC_6d9c01e96c5170bc	3
V0GC_6dd2d2f9fefbce8b	4
V0GC_6de40c916d70c8ff	4
V0GC_6de70d40fa4d2843	5
V0GC_6e0c3ad1b083af48	3
V0GC_6e0e2f3c5980739f	3
V0GC_6e0f84a5f7af5417	2
V0GC_6e122d8f1137f0a0	5
V0GC_6e151d081934d4b6	1
V0GC_6e18f89f334ae571	1
V0GC_6e22a523c4c665a9	4
V0GC_6e26a0183d4d3df0	3
V0GC_6e2e013bda8b88b2	4
V0GC_6e41aa696721f8e4	5
V0GC_6e4e1f587ee8aedd	4
V0GC_6e5426134d035f96	1
V0GC_6e56512aaa146690	5
V0GC_6e6839b3e8789fba	1
V0GC_6e79610100401561	4
V0GC_6e808ee6691919f9	4
V0GC_6e9a6002356c558c	2
V0GC_6e9b7d62004ea028	1
V0GC_6ea983cb9db9f417	2
V0GC_6ebede9cfa638643	5
V0GC_6ec0454137d4aaac	4
V0GC_6ec39577d2c10215	5
V0GC_6ee336bbfadc2622	3
V0GC_6ee5442cd6a07831	2
V0GC_6ee712235ddff27f	1
V0GC_6ee7ee40f6d9162b	3
V0GC_6ee8e54f5f82ab35	5
V0GC_6eeac73ab685f62b	3
V0GC_6eff841f7f6d7e5d	2
V0GC_6f116fb68f62eea1	5
V0GC_6f2c01d1586f54be	3
V0GC_6f2e82d5104b1b96	5
V0GC_6f3a583463fe22d5	4
V0GC_6f3bed94a3308d1d	1
V0GC_6f3f583352709e95	5
V0GC_6f5394adec7e0506	4
V0GC_6f67808442a15aaa	4
V0GC_6f7743caa6462c44	4
V0GC_6f950aa505372298	1
V0GC_6f9dc286dd05a479	4
V0GC_6fad7c4b6cb7f44f	5
V0GC_6fb3d4f99c13002b	4
V0GC_6fc16c2cde88286b	4
V0GC_6fd5937065daf17b	1
V0GC_6fe363eca666ac0d	3
V0GC_6fea5d9563ed813b	2
V0GC_6fea91dd55ce59e3	5
V0GC_6feb87072478b62f	2
V0GC_6ff58fa89c5acfd8	2
V0GC_6ffd638d432b1bb4	2
V0GC_7002bcd27055399c	5
V0GC_700fc890d036fef1	5
V0GC_70290ad4a98b4264	2
V0GC_70415fe54441f6c3	1
V0GC_7044616f74e32b3f	3
V0GC_7045e62d9a54a388	2
V0GC_7048b04345b74112	1
V0GC_7049a2b0a1ee243a	4
V0GC_7052f2961d0f95e0	4
V0GC_705782a6c8425e79	1
V0GC_7059bcbbf1ffc1d9	1
V0GC_705ea2941c31d001	4
V0GC_70770eb83db7959c	4
V0GC_7077515619009ef2	3
V0GC_708a791287a5c954	3
V0GC_708bc5c4eab2f853	3
V0GC_70929acf3fa3df51	2
V0GC_709e64ab2b802232	4
V0GC_70e04e9e4cc47ab4	4
V0GC_71071200ae48a155	2
V0GC_710b4bc3dc870b9c	4
V0GC_712aeea18ae4b1b7	2
V0GC_712c0e7c5da03c99	3
V0GC_7148cff9b657a3ef	5
V0GC_714d56efce9bc9f5	3
V0GC_714f22a27f43120e	4
V0GC_71519b6655688013	4
V0GC_71519d5130f4e934	5
V0GC_71562477598047ae	1
V0GC_71567acc16fcbf48	2
V0GC_715cb8a650726d39	5
V0GC_7169fe3521eed129	3
V0GC_716e184309722c7c	3
V0GC_717418fea600bc44	3
V0GC_717fdc7f660aaa13	5
V0GC_7180f68dee9cf205	5
V0GC_7188a793ad001ef8	1
V0GC_7197cadbd97127fb	4
V0GC_71ae4ff866778580	3
V0GC_71be178524e7f1f7	2
V0GC_71bfdf57b3b226bd	5
V0GC_71d1457e99fae895	3
V0GC_71d8872c03dbf657	2
V0GC_71e22a15a4abe547	3
V0GC_71e93d980f9da42f	4
V0GC_71ee9bc210ca0f2e	3
V0GC_71f9869f48e9a642	1
V0GC_71fdb5186e2b3edf	2
V0GC_71ff70b08a73386c	2
V0GC_720190826a8d6e36	5
V0GC_72238eed659c3d62	5
V0GC_723d1e9cf7a3c52c	5
V0GC_7244b4ec6cb53d4e	5
V0GC_724da6ba136687c3	3
V0GC_724dc55f0abb56fb	5
V0GC_7257e1f3e4aed88f	5
V0GC_72622192653c2e59	5
V0GC_729248c25512f2df	5
V0GC_7298e7413ced29a1	1
V0GC_72bb3e0c4fc961c6	4
V0GC_72be1420aa814ae6	4
V0GC_72be3b2052be9833	4
V0GC_72cb5c406b16bc62	3
V0GC_72cc844575e503da	3
V0GC_72cdfe0c7f1f01bb	3
V0GC_72e0164dfaa5ce63	1
V0GC_731aae664e95ad3e	3
V0GC_732243c12688305c	2
V0GC_7329abccd00dc5e6	1
V0GC_732cb24da1fec1fe	4
V0GC_734b9ac2b8f5345f	3
V0GC_734e240b15f47a4c	3
V0GC_73507b76be5ca9aa	5
V0GC_73874df240d9eda1	5
V0GC_73a37c774f4aed99	2
V0GC_73a68a53de4721c4	3
V0GC_73a9daa7c0554a9a	2
V0GC_73b774be6592f160	2
V0GC_73c9585360e1b83e	3
V0GC_73ccf2437ce577ce	2
V0GC_73d05362dc0d87ff	4
V0GC_73d1f0c118e0f375	1
V0GC_73da1863f6aa97b8	5
V0GC_73dbecbb2185c091	5
V0GC_73e59fcd607ec4f7	1
V0GC_73e73471039f853f	4
V0GC_73efd01486ecb5d8	2
V0GC_74173da13972a865	1
V0GC_7430fc8f54af768f	3
V0GC_74333c10f4801bd1	4
V0GC_74342628893d18b3	4
V0GC_744da7b849cb92f2	4
V0GC_744e8620c5435161	4
V0GC_746fed158a191f2e	5
V0GC_74814fdd622dd447	2
V0GC_7494af01f3f96688	5
V0GC_75021dcbf80f4aee	2
V0GC_750fdcd1ce14ef69	2
V0GC_752bd9a1ed03b6ff	4
V0GC_752fe710bdea5143	2
V0GC_7535b4006eb3383a	1
V0GC_7541be08593b1ecc	5
V0GC_757465239cd553a8	5
V0GC_7597831e3b76a441	2
V0GC_759af17987758b3c	5
V0GC_75ad71f27c11cd6a	2
V0GC_75aeb21235898968	3
V0GC_75b61c7515855984	5
V0GC_75b84700deed8546	4
V0GC_75cee0b8296f5aed	5
V0GC_75d7c69a06609378	1
V0GC_75dbe877df00640a	4
V0GC_75f16d3bfc7c33ce	2
V0GC_760f563bb9e7239c	5
V0GC_761739b70b079b69	5
V0GC_763945e6baeb55fe	4
V0GC_7640e124a9bfa36c	3
V0GC_76464599de7a83ec	5
V0GC_764f8b81e887e480	2
V0GC_76547c4d6405856b	2
V0GC_765c690fd562e5df	2
V0GC_765cef7c8aae0e9b	2
V0GC_766c60eeb2cc2c84	2
V0GC_7670da2aecfc3656	3
V0GC_767ef4107325c648	5
V0GC_769b3c135bf5a405	5
V0GC_76a1bc89ef9091fd	5
V0GC_76aef5b4bbafa8f5	2
V0GC_76c3a996916a33df	4
V0GC_76d18a0cd5bf143f	2
V0GC_76e4d776ac3dd2be	1
V0GC_76e7223e8e96f58a	3
V0GC_76e7a9446cd65ca9	2
V0GC_76eb77abcd164dbb	3
V0GC_76f4240d50aca796	3
V0GC_76f727a0affe444d	2
V0GC_76fc3b42980c88ee	3
V0GC_76fd4d3d3d4c9acf	4
V0GC_7700aab1ec2b5ad3	5
V0GC_77089e2a9a4cd6fe	1
V0GC_770d16e47b76d43a	1
V0GC_772445508b1eaa3c	4
V0GC_7727a8060645df8d	5
V0GC_772e69a90ac7c739	3
V0GC_773381c6911d7d7b	4
V0GC_7736ad1750690618	4
V0GC_7739251bf5cfde45	4
V0GC_7745359316195960	3
V0GC_7749fba6b5e3a98e	3
V0GC_777232dddb6e6c2a	3
V0GC_777bc65f6085e66d	5
V0GC_77887512f5b60a99	4
V0GC_77a8a2036b4d5c81	2
V0GC_77bb61ccba02160d	2
V0GC_77bb705d62dc00cf	4
V0GC_77c1843945bc5f0d	4
V0GC_77c293ac703bf976	4
V0GC_77d0cc8417d37987	2
V0GC_77de6809fbe47144	3
V0GC_77e4d41c04e41171	4
V0GC_77f52a1ad4b0814f	1
V0GC_77fa7af67ea19ff5	4
V0GC_780476134ee703de	3
V0GC_7805c290f0057397	4
V0GC_780908a6efdda774	2
V0GC_780e8260532db502	5
V0GC_781c087899946dcc	4
V0GC_78244ef6c53a1b3f	1
V0GC_78258551d606b1c5	3
V0GC_7830fdc243de6006	2
V0GC_7848ae728562e815	3
V0GC_785852fa1dc806eb	4
V0GC_787a926962eb40aa	4
V0GC_78920d032f278866	2
V0GC_789c85790f923f4d	3
V0GC_789eb3e495913732	2
V0GC_78a701f1b0d9996b	1
V0GC_78afeb7c851dc1d9	1
V0GC_78b0450c5bb654ad	2
V0GC_78b0bb596d157bda	4
V0GC_78bedcadc6065f5b	1
V0GC_78c33ec3b9701193	1
V0GC_78c6b3296e1b2a02	4
V0GC_78ce2f89c53e3b27	3
V0GC_78d4a899eafe2558	2
V0GC_78ddad6aee66c6a8	1
V0GC_78e6a82346f40f80	3
V0GC_78e92d7dd0f7c01a	4
V0GC_78f1b5f86d0f73ff	1
V0GC_78fb32f1e8d75c2b	1
V0GC_78fc06b04eca4728	2
V0GC_790b6dfcbe895e61	3
V0GC_790badb789937e38	5
V0GC_790d1ebd7e3c01c4	2
V0GC_790e69c067ea3599	2
V0GC_791e5254bbd5d28d	2
V0GC_7925eaf07e6af3a8	1
V0GC_7928c93ff48a6572	4
V0GC_7945d205d6ee76c6	2
V0GC_7947f8ccd57d6bb2	5
V0GC_794f134760ec8e1d	1
V0GC_7951f6e39028aa79	3
V0GC_79532a75df25f2fb	4
V0GC_796f3d8c392ca01e	4
V0GC_796fe4e5448d0e89	1
V0GC_7988b9aec7a1a8f0	1
V0GC_799a36d7ecb98d6e	4
V0GC_79a46bc1f5e83db4	1
V0GC_79ae9508527150c7	3
V0GC_79bfe29fa310b744	2
V0GC_79ce479c26ac06c2	5
V0GC_79da7f880db68a91	5
V0GC_79dbd0d6cf66b5a6	5
V0GC_79e0b72056a393bd	2
V0GC_79e76c85127f101c	1
V0GC_79eba28fe8fc841c	5
V0GC_79ee8531741920e7	5
V0GC_79f18f5ccb7d37ca	3
V0GC_79f66f28c792e8b0	2
V0GC_7a1ed5af688cdace	4
V0GC_7a2fd04225527d3c	5
V0GC_7a30e2cbe33d7741	3
V0GC_7a3c392b0a5bbb30	5
V0GC_7a434cc4f57aa5c7	3
V0GC_7a4835e0ba8bb951	5
V0GC_7a5bcb515f4acb22	2
V0GC_7a74a1369ff35f21	3
V0GC_7a7fcf99f5e2884d	4
V0GC_7a918388e7b612bb	1
V0GC_7a950dcecd0b6f63	5
V0GC_7a973ed82a834eed	5
V0GC_7aa39bf490a05722	1
V0GC_7aa444d4d4667512	1
V0GC_7aa48948db8adb54	3
V0GC_7acfefc46da13afa	1
V0GC_7ad443c1924625fb	3
V0GC_7aecbd464f8be337	4
V0GC_7aee827717628fa9	2
V0GC_7b0715c354cd5ff5	5
V0GC_7b1604b9447068be	2
V0GC_7b176fe2ed3a43a4	4
V0GC_7b1c3ee828215145	5
V0GC_7b1e0b268e7b5f53	2
V0GC_7b24397b5082e33e	3
V0GC_7b404075dea36929	4
V0GC_7b4db511d44623a4	3
V0GC_7b5a7e3c84711574	4
V0GC_7b5d798054972814	3
V0GC_7b693a3f72b3cb65	4
V0GC_7b69b37ef6669679	2
V0GC_7b6b53ce2656006d	3
V0GC_7b6fe02d9e8e62c9	2
V0GC_7b774e4bd24269f7	3
V0GC_7b78d91ed16a9612	1
V0GC_7b7bba809ed15e22	3
V0GC_7b8af2718ad482fc	2
V0GC_7b8b5164c0f2170b	1
V0GC_7b8ff57514fcf192	1
V0GC_7b923c7be51886db	3
V0GC_7b9a7640d6de6587	5
V0GC_7baa665265fbad5b	3
V0GC_7bafa87f0da68dda	3
V0GC_7bbff8e2f1c1e23a	5
V0GC_7bc9342a69374924	4
V0GC_7bf1f886a35fa139	2
V0GC_7bff91c2ef8651d0	4
V0GC_7c064f7a155c1898	3
V0GC_7c0ba54e409996a2	3
V0GC_7c0c4d8969295c19	4
V0GC_7c35b35f6d66dae9	3
V0GC_7c37d29e5c4bb2e4	2
V0GC_7c3b7308a302276e	3
V0GC_7c413d8ff2fcbd24	3
V0GC_7c460bd64da01501	5
V0GC_7c4634512fab71db	1
V0GC_7c4d470fee7aad73	1
V0GC_7c6eb8b5a10bb4fe	5
V0GC_7c83e17076140151	4
V0GC_7cd56070c776ffc9	4
V0GC_7cf14dc5c019647e	3
V0GC_7cf40fa3e710fb61	1
V0GC_7cfe9ae93e0c6a51	3
V0GC_7d0555df7166f68a	3
V0GC_7d0e82f53f27a7c0	3
V0GC_7d14b8b5ee2b77ec	5
V0GC_7d367be319f7ef25	4
V0GC_7d465e20a2b959aa	5
V0GC_7d4717028cc5a28e	4
V0GC_7d4b105fa2d182d0	5
V0GC_7d63c09510d223cf	5
V0GC_7d68faa93b7012e4	4
V0GC_7d6b66bb11334eb8	1
V0GC_7d6ba404488fd8e4	2
V0GC_7d784464139f291d	5
V0GC_7d78874e0d75dc18	4
V0GC_7d820dcd66077b05	1
V0GC_7d8223dd43807c6c	4
V0GC_7d82dfa53aae04e4	5
V0GC_7d873230d5cc4eb8	1
V0GC_7d9e578fbefdfd94	4
V0GC_7daaec0ada4e77fc	4
V0GC_7db96aa7fe3f95cb	5
V0GC_7dcc447c7d8c7afe	5
V0GC_7de99d4893ba2f1c	5
V0GC_7df562b21310e5c0	2
V0GC_7e02fd69b09f95d0	5
V0GC_7e0c3023f28fecbb	5
V0GC_7e1a258c2db9148a	1
V0GC_7e1d74bcfaa77952	4
V0GC_7e57b35bca605c73	4
V0GC_7e5a998c5d655d65	1
V0GC_7e8630d7a009ddd7	3
V0GC_7e87c03d2dc8992f	5
V0GC_7e88ba1b8880968e	5
V0GC_7ea84c0d59f35ef9	4
V0GC_7eadffa328dc86eb	2
V0GC_7eb2f796ec020688	1
V0GC_7ebc05dcfe1bc14e	3
V0GC_7eca32ae2cf68f83	4
V0GC_7ed647cf6b0f9a63	3
V0GC_7ed8a30cb529338f	5
V0GC_7ee772a3ccc0b0ad	4
V0GC_7ef06d02bcdf374d	2
V0GC_7f06c7e6a562cadc	5
V0GC_7f1063a496dbed25	3
V0GC_7f1185e170dd1bca	4
V0GC_7f121536bd73ed69	3
V0GC_7f12ccbddab4877b	4
V0GC_7f1a4d714b910680	5
V0GC_7f1d22e0c85d9496	1
V0GC_7f1e389938ab4ad9	4
V0GC_7f26dfe7e858348d	2
V0GC_7f2eef9bd06e2852	4
V0GC_7f3be3893f322fc6	4
V0GC_7f3d300919d5f116	4
V0GC_7f673333c92f3772	2
V0GC_7f6dbc60539ecc17	4
V0GC_7f86a8c97c0e7de3	2
V0GC_7f8e7ca2041c5fe3	2
V0GC_7f96f0b2253cfdfd	3
V0GC_7f9d72ea6b641f91	2
V0GC_7fbd13885849f9f9	5
V0GC_7fc2ae974b0c7340	2
V0GC_7fc6aab42f777fe7	4
V0GC_7fd2ff51644a09b6	5
V0GC_7fe5232ca8af68d4	2
V0GC_7fec57d84afda0eb	1
V0GC_7fed0a6124db6678	5
V0GC_7fed99b22a2e1254	5
V0GC_7ffa9a3a7207cc18	1
V0GC_7ffe89afb1f9cbef	2
V0GC_800bcddd10023050	3
V0GC_800ca13d3bf79e90	5
V0GC_800ed41e799159a1	2
V0GC_802217c8454b9c60	1
V0GC_80238fa80b736208	3
V0GC_802795b71482d38b	1
V0GC_8028df6bfb479293	3
V0GC_8028e04ffc47529a	5
V0GC_8036ba8d1c2701cb	5
V0GC_804469ace4c1d4b9	5
V0GC_8044c67cf8e59a38	3
V0GC_80480768b7f8713b	5
V0GC_805134460462f62d	4
V0GC_80528f2e529bf3c8	4
V0GC_8054504dd38cb3fc	1
V0GC_805cb2f5861cc04d	2
V0GC_806eec487ca8595b	3
V0GC_806f40337dfd0b63	4
V0GC_806fc7506f5b596e	5
V0GC_80725e40fa5bebd6	2
V0GC_8087733f7f3d551c	1
V0GC_808ac0b84fa41628	2
V0GC_80989c85c779fbe2	4
V0GC_80c65d0dc4e104c6	4
V0GC_80c72fa28fe21aae	2
V0GC_80c92c74452dc8eb	1
V0GC_80fc45fff4b79d62	2
V0GC_810c6a5e909cb1ef	4
V0GC_811321e4f6b69a00	1
V0GC_8115485575a1ac4f	3
V0GC_812eb18e73788730	4
V0GC_813435c82626f242	2
V0GC_813b5acccc0d5cb3	3
V0GC_813d8100ce95360f	4
V0GC_813daa6951ecca78	5
V0GC_813e6e6ed48e888e	5
V0GC_81478e81d113073f	3
V0GC_814e9c8051473dda	3
V0GC_8150735ab68711c3	3
V0GC_8161c6fee0663ad4	3
V0GC_816a81e532eade09	5
V0GC_818bf18579f160f9	2
V0GC_819e69f38f63d6d5	2
V0GC_819ed8926b334192	1
V0GC_819f85f5c5468599	3
V0GC_81aa5565a9816d14	2
V0GC_81d4ebe9a8651b13	1
V0GC_81d5dec18caf4a69	3
V0GC_81d7f60d65a317d2	2
V0GC_81f57fec40ba2695	4
V0GC_821b6876b68468e5	1
V0GC_824ed6e213471cac	5
V0GC_8255ef0ad9ede6ec	3
V0GC_825c18ff59aeaa99	3
V0GC_825d033d08acaca1	3
V0GC_8261fb73b30ca3aa	5
V0GC_827020c5e365a7c0	1
V0GC_8271e3c6b3b8ef16	1
V0GC_827219b71cb3b42f	3
V0GC_827d0fe157d060e6	5
V0GC_828215433545b72d	5
V0GC_8287daf9e3b19cb7	4
V0GC_82919ba65e4e2988	2
V0GC_8294e1979042ad3d	3
V0GC_829a7722b24fca3c	5
V0GC_82a2d71accdf7fff	3
V0GC_82aeb7bdb6ff63c6	4
V0GC_82b7d3c56ba1ad7e	3
V0GC_82bd43b4a195b2fb	1
V0GC_82c7bba3870978da	5
V0GC_82d206cf30b28b73	3
V0GC_82e3d10293b41e03	2
V0GC_82eba055549d059b	4
V0GC_831b91c264930f3c	4
V0GC_8327d7c8e194f0d2	5
V0GC_83330fc4c199c26d	2
V0GC_833d7ab732ed738a	2
V0GC_834d639e04fa7877	5
V0GC_8377af6a3ab6af7f	4
V0GC_837f87c4f7abb2c0	3
V0GC_8399aa5f16c07a74	4
V0GC_83a5bd7836d9d93d	5
V0GC_83eafcfcdfa7aafc	4
V0GC_83fd7122b832c587	4
V0GC_840f56eff629ada8	3
V0GC_8410539ffe745613	2
V0GC_841160d9eb572413	1
V0GC_8418a5a2ed48f7cf	4
V0GC_841906d7ff938940	3
V0GC_84283e4a306d8f59	2
V0GC_842d169258e68393	3
V0GC_843387676146f78c	4
V0GC_843474057253d3b9	5
V0GC_84363a6e34a5c53c	1
V0GC_84462b28ce09e75c	4
V0GC_8455f23b4249b428	1
V0GC_8459f510244e4d2f	2
V0GC_8475de13d2d616e6	3
V0GC_847c92af513ba521	5
V0GC_84878a95119cd2f8	3
V0GC_84956831f0afe7d9	4
V0GC_8495cb040b667adb	4
V0GC_84a22280c668c607	5
V0GC_84ad58b5b7f88e3f	1
V0GC_84ba4f4ed7973947	2
V0GC_84ca9a20360c29b5	2
V0GC_84de1e005049bdfc	1
V0GC_84e88108522f49b8	5
V0GC_84eee2bb851766d1	3
V0GC_84fbb5c8db6922bd	2
V0GC_84fdfb3997fbf8bf	5
V0GC_84fefe5909887e6c	2
V0GC_85076face9503592	4
V0GC_8524b931008249ef	5
V0GC_85265115628a30a2	4
V0GC_855aa5c69422fcf0	2
V0GC_856398cf78f51741	5
V0GC_8564aae684b4bbf1	1
V0GC_856e77164729c53e	5
V0GC_85700f738747aabe	2
V0GC_8583a5dc5843b260	4
V0GC_85870d192ffe89e7	3
V0GC_858a37f670ba3cb9	1
V0GC_858f4294aead3299	2
V0GC_85b6b7ac293f7fd4	2
V0GC_85b8b6c3793b85a8	3
V0GC_85d105c4fd6a743b	2
V0GC_85d3827204096f27	2
V0GC_85dfa2536f1b784b	5
V0GC_85f6b866c21c8dce	3
V0GC_8603934df05f1407	1
V0GC_860cd25a0fc6be1a	4
V0GC_8627f1470e2aa841	2
V0GC_863c87a2adc0e6f4	4
V0GC_8644df13ea854d71	2
V0GC_865d10d47670cf96	4
V0GC_8661fbe2f1d0a9ff	3
V0GC_86632758a9eab340	1
V0GC_8683183247f83a32	5
V0GC_86a839c5e5f0e84c	2
V0GC_86a91eefa7456395	4
V0GC_86c513f821206b51	5
V0GC_86c8dc639fd6423d	5
V0GC_86cabc8bce2e2990	3
V0GC_86d62c6fb4aa0bd4	5
V0GC_86dbd45faba65d3e	5
V0GC_86e5574445aa0165	5
V0GC_86e6e27e35f40d01	5
V0GC_86e8f2cd4ba0b4ab	3
V0GC_86f090a4d9146445	3
V0GC_86f5c64bca6a33e6	4
V0GC_873febdf39da5c9a	2
V0GC_8753a2b50b3d3be1	4
V0GC_8763f4805ee6de80	3
V0GC_877a8f266dcfcc1e	5
V0GC_8788cb63b22df2a4	3
V0GC_878febc95cc127fd	2
V0GC_8790e9c47ab74088	5
V0GC_87921699c25c59af	3
V0GC_8792431584f9de24	4
V0GC_879bdf1c1ebbe79c	4
V0GC_87aaa0564258baa7	5
V0GC_87e5765554e28393	5
V0GC_87f14ac9218c3f3d	5
V0GC_87f5f81a93487da0	5
V0GC_880ae68e63dcbb4a	4
V0GC_880c88a4cb9dd746	3
V0GC_881190129d396ba0	2
V0GC_881db2cf5b73fd6f	3
V0GC_88229abca074718f	1
V0GC_882f7905299b5003	5
V0GC_883db0fc6e89badf	2
V0GC_88634f72747145e8	3
V0GC_88754defb32f5c9c	5
V0GC_888176c62417e510	5
V0GC_889f04f29e0b285a	2
V0GC_88a1269a553b89da	5
V0GC_88adcf54e904789c	2
V0GC_88b782a7923278a5	3
V0GC_88c02a9ef9082b1c	4
V0GC_88c62cd3ca33ee9f	5
V0GC_88d9d349727f8215	4
V0GC_88dc368be17a4552	1
V0GC_88f058da3f15591f	3
V0GC_88f2277b1fb80248	1
V0GC_88ff65293e7faad2	3
V0GC_89187b9d266a2143	1
V0GC_89238905d67379e3	5
V0GC_8929e231ea53b5f7	3
V0GC_893145ae1e4f5dd5	2
V0GC_893ce6dff395234b	4
V0GC_89410b12eed01a16	4
V0GC_89421b9f1d5cd5f1	2
V0GC_8964e510cef9b77b	3
V0GC_896a2d67584bbde8	4
V0GC_8978ecd0ada5b50b	5
V0GC_897d5ba0cb1a8f88	3
V0GC_8983252c38b6fca8	3
V0GC_898e8556b082e393	1
V0GC_89930dbe79c6991f	4
V0GC_899d89824f5912bd	5
V0GC_899fdf40466c66e3	4
V0GC_89acfcb0b84ed83b	2
V0GC_89affd48c94e2b5d	4
V0GC_89b173d9840e0a76	2
V0GC_89b95a71f92a33da	5
V0GC_89ba924c321e6358	5
V0GC_89bdccf016b301b4	5
V0GC_89c1f08ecf27652d	2
V0GC_89eaefe8bdb104e3	3
V0GC_89f86b22abb011e4	2
V0GC_89fa7b5e0d4ee586	1
V0GC_89fbcd9543658665	1
V0GC_8a047c8c1bf8ecb0	1
V0GC_8a06d4f57e3a2997	3
V0GC_8a0ca906314b92f9	5
V0GC_8a2d376b03705ea6	2
V0GC_8a3a9f0201fa9649	1
V0GC_8a3aef442d1dfced	5
V0GC_8a41d8ee12539ed0	4
V0GC_8a487001fcd31c54	5
V0GC_8a497d19b25b44d0	1
V0GC_8a4aed94a4d4d43f	1
V0GC_8a5d5103c9bb038b	5
V0GC_8a5dc1076c26c3b9	2
V0GC_8a67a574dcb9bdf1	3
V0GC_8a67dc2d7741dd57	2
V0GC_8a7c2a499c6834a9	4
V0GC_8a92edb89ed65e75	2
V0GC_8a9b85621de52a7b	5
V0GC_8aaa03e785a2094a	5
V0GC_8ab5e16e4f956a7a	4
V0GC_8ab61b9a20e67cd2	4
V0GC_8abdb2c86ddf9dc6	3
V0GC_8abfbe3ef19368c7	2
V0GC_8ac2486607698937	5
V0GC_8ac8f4b2d9d3eb06	2
V0GC_8ad3f5f50f4a89d8	4
V0GC_8ada0d25f9790b8f	3
V0GC_8ada5f41569fbffd	5
V0GC_8ae0cbed3a1c0358	1
V0GC_8ae692dc2e69b628	5
V0GC_8af356cb666dffd6	3
V0GC_8b1bf480dcc0350f	2
V0GC_8b232fab6ab788fd	2
V0GC_8b2da01d6b99d42b	2
V0GC_8b39c1ef990d6092	1
V0GC_8b5344259ec6aad2	2
V0GC_8b77cf1d5adcf81f	1
V0GC_8b7d0f1094a6b433	1
V0GC_8b80067253c587ee	4
V0GC_8b8168ab72547aa1	2
V0GC_8b82ab15ad3d5909	3
V0GC_8ba10bc92718c637	2
V0GC_8bb3b9562e6da068	4
V0GC_8bb51415ebf096a3	4
V0GC_8bb801ba40771688	5
V0GC_8bba6ec40af93c84	5
V0GC_8bbe9a8baa468bc3	5
V0GC_8bc24cd13e29ede3	2
V0GC_8bd66cec3d0275bf	3
V0GC_8bd778f21995ea46	1
V0GC_8bf2458600505631	4
V0GC_8bf35cfe4d692072	5
V0GC_8bf51bcf8d416d17	2
V0GC_8bf8e63b1675ffe9	2
V0GC_8c0baffef255e440	4
V0GC_8c1346793a7ae32f	5
V0GC_8c1434687d9757ba	5
V0GC_8c1a8a64db523fe1	1
V0GC_8c29d197c42009dd	1
V0GC_8c411255a1319e8b	1
V0GC_8c4397d481a5ce09	4
V0GC_8c515215bc565fe8	5
V0GC_8c61b59f132877bb	2
V0GC_8c924cda611e8361	2
V0GC_8cb2fa1eae7f7363	4
V0GC_8cb6b79843279dc2	4
V0GC_8cb93b81c8588914	4
V0GC_8cbe51ecec2d8aae	1
V0GC_8cc2c7e978a4cb89	1
V0GC_8cca79e42c50e189	2
V0GC_8cd60f2341c95e2d	5
V0GC_8ce2674d96a24db3	3
V0GC_8ce95b78b8363f3a	3
V0GC_8cedd2cde80430c4	4
V0GC_8d0216e94a54fa50	5
V0GC_8d13b7d889f78665	3
V0GC_8d143501be243d94	5
V0GC_8d205ec721cbff18	3
V0GC_8d2329b82a32b838	1
V0GC_8d2fbef0e4a219cf	2
V0GC_8d35fa7179701813	5
V0GC_8d41fc6d4169a21e	2
V0GC_8d4d08721fdb5bed	5
V0GC_8d52a3914e9a358a	1
V0GC_8d57708ffb731dd4	4
V0GC_8d63b499ae63a5a0	5
V0GC_8d7e710e3b9c4bbb	5
V0GC_8d825e9d61292214	5
V0GC_8d8e7b1d199ea0df	5
V0GC_8dab01318b10b547	5
V0GC_8dbbfa296aad14b3	4
V0GC_8dc11bccc9124d79	3
V0GC_8dca6e2d5f8aa70b	2
V0GC_8dccc9a6660dd442	4
V0GC_8dcd66b4042ab14d	4
V0GC_8dce4d7634b0a3f7	5
V0GC_8de4e76a9b05ae28	2
V0GC_8deece46369b2165	3
V0GC_8e0306caf7d84370	4
V0GC_8e0f43982e8c054a	1
V0GC_8e19420b42f7ff07	1
V0GC_8e1c615fd1194a7f	5
V0GC_8e28b473259e7ae1	3
V0GC_8e2c2a68d2307b32	4
V0GC_8e5532cc31b500fc	3
V0GC_8e5a166ee099e401	5
V0GC_8e7717dfdfd96f05	3
V0GC_8e7e39eca09f6750	1
V0GC_8e8d5f26267b3ddb	1
V0GC_8e94eb1951c9a8e9	5
V0GC_8e99b8e8171cf408	2
V0GC_8e9a8559d9f69dd0	1
V0GC_8eaadc9e6af8f691	3
V0GC_8eb1c44fe7e7bd0a	3
V0GC_8eb1fa935280b8a5	3
V0GC_8eb9dcdc4ef7dbce	4
V0GC_8ec933a8fd4414ec	2
V0GC_8ed90c210bf39fc8	1
V0GC_8eeaf66ca95612c1	3
V0GC_8eec5e5f920eae81	5
V0GC_8ef480bce4de2cd2	5
V0GC_8f17156acf7e5b5e	5
V0GC_8f1c657eb6258aaa	1
V0GC_8f239534fbb147f5	3
V0GC_8f3ac42690d9ed21	3
V0GC_8f58b6b8723ea6ab	4
V0GC_8f5d6b9d210578f2	2
V0GC_8f6009bc45c599fe	5
V0GC_8f6392ed9cf28914	3
V0GC_8f7e92516543e322	3
V0GC_8fb1b6eefae86f26	2
V0GC_8fd6815256acddd9	3
V0GC_900a7b7ddc865479	4
V0GC_90150c652c4b44f7	5
V0GC_901e2eed0c3fb8e5	4
V0GC_9026eb460f71a5ef	1
V0GC_903b00c39cb36cff	4
V0GC_903eb9eb6cfc034f	5
V0GC_9050670d50c0db58	3
V0GC_9053592b0cf657b6	4
V0GC_906d24423bcf9ea6	3
V0GC_907acb29af4f749a	4
V0GC_908c1bb1444c9ec0	1
V0GC_908ec15ff50beeeb	1
V0GC_9093ee7a3a4a6163	4
V0GC_90947ac38f137370	5
V0GC_9098bb5404786142	5
V0GC_90a09df695865434	2
V0GC_90aaa166c62fe92b	5
V0GC_90acac2cb9683740	3
V0GC_90b343d8cbea5ec7	5
V0GC_90b75c1280e4e7d4	2
V0GC_90b9c70c197a3028	4
V0GC_90c125bbdc27c42e	5
V0GC_90de60a03a008016	4
V0GC_90dfa71bb6ffb333	2
V0GC_90efe22206d853c9	1
V0GC_910147798a1c3de8	5
V0GC_9102ba97e67549f4	4
V0GC_911d81346b991ebb	5
V0GC_9124d56b2da5ffa3	1
V0GC_912e31f039280846	5
V0GC_912f3028d9611d62	1
V0GC_91300766c46d4a2f	5
V0GC_91311a64e69b9a80	2
V0GC_913760f02f3008ee	1
V0GC_913c8c54a5db8cf6	3
V0GC_914a9d60aa225397	4
V0GC_916b1456192c9829	4
V0GC_9179a0990f635571	2
V0GC_9190541a917b0276	5
V0GC_9194c6d04460bc46	2
V0GC_91ad333e2137e1e4	1
V0GC_91c09007ae7a401e	4
V0GC_91c9490b29c28bf2	2
V0GC_91cf5e868abc1f74	3
V0GC_91e41b4a44082fe1	2
V0GC_91f0f4d3aea6a615	3
V0GC_91fa4693763ef9bd	2
V0GC_91fb97e50d3c6a9f	5
V0GC_920068271274caa4	5
V0GC_92026c6db061a492	2
V0GC_9223c85a518fff5c	4
V0GC_9234b3d020f3fa5c	1
V0GC_9248976d4682a5e0	1
V0GC_926ac1e420fd831a	5
V0GC_928ed6d65c4cb356	4
V0GC_9293854100fb953b	1
V0GC_92b42a712f5291a9	4
V0GC_92b8c081450283bf	2
V0GC_92c9a4df1ec5b035	2
V0GC_92d886c300863d42	2
V0GC_92dfc93c940bbda9	5
V0GC_92e057153818a146	4
V0GC_92e1aeb20c430ca9	5
V0GC_92e49947f8ee3949	5
V0GC_92ea00c7aab9ed52	2
V0GC_92efc7c13b49e064	3
V0GC_92fe7fdbab6cf09d	4
V0GC_93026192550aa2fb	4
V0GC_930a00dfb410ee73	4
V0GC_930c724f1aaf4393	1
V0GC_9310cd5571f55565	4
V0GC_931ff6ca41234c26	5
V0GC_93272a3f61a46a1c	3
V0GC_9384c60ea631709b	2
V0GC_938537c8865c9f6b	3
V0GC_93865d0160b64f7a	2
V0GC_938801bfb8a51c21	2
V0GC_938d1d978a7d5429	1
V0GC_939d1242546ff85d	1
V0GC_93ac0701aae12a34	2
V0GC_93b8ff32c2c8deff	3
V0GC_93c78a06a50fad56	2
V0GC_93dfd8c0d870b5fb	1
V0GC_93e0d089a6f3fc42	2
V0GC_93f6b958d46bb178	5
V0GC_93fe7af1c8236af1	4
V0GC_943809a2484b8523	4
V0GC_94485d0d0200a5f1	4
V0GC_944c62652035a868	4
V0GC_944fad2af81fee79	2
V0GC_945fa1d80641254b	5
V0GC_94659b25ff0f44cf	3
V0GC_9467d8a9736d0685	5
V0GC_946c1ede620b26ad	5
V0GC_94b1473380fb87a0	2
V0GC_94b5e207182986c6	2
V0GC_94c099fa75d53619	4
V0GC_94c844bc8106d00a	1
V0GC_94cd6db38249909a	5
V0GC_94d3b436f7e80a4c	4
V0GC_94d837bf4ebb104d	4
V0GC_94e9c574728c6607	5
V0GC_94fa40660fac94ae	3
V0GC_950be6398a411ecf	1
V0GC_95195468f353b88b	2
V0GC_9525272d5d3808fe	2
V0GC_9556b67cd1192400	1
V0GC_956162011bcf7ee6	5
V0GC_9574dff6b3a402c7	2
V0GC_957e8a405eddb98b	5
V0GC_958cc6b0fdd7f367	3
V0GC_95ad3e2b1d39dfa5	2
V0GC_95ce411380fb6a0b	4
V0GC_95d8f9ddefbdd083	2
V0GC_95ec3f79c676ec61	1
V0GC_95f46c596cbcbcad	1
V0GC_9602dd406841ced8	5
V0GC_96039a44a4b5e352	5
V0GC_9611e7f0bb21a86a	5
V0GC_961389837685dc45	2
V0GC_961ae04e3b656fd1	2
V0GC_961fa7b979801bf1	5
V0GC_96321b89e342534b	2
V0GC_9633f2128ddb21db	4
V0GC_965353707309ad8a	2
V0GC_96588ffbc36fe76b	5
V0GC_9658ec3c513cb28e	4
V0GC_966eb248acd2c4c2	3
V0GC_967dfe1d234476bd	2
V0GC_968d4a12b3e63e7d	4
V0GC_9697ed48acf84b83	3
V0GC_96a520089f59e4f8	3
V0GC_96b0f758f70e76f2	5
V0GC_96b9f0cb4c9993b2	1
V0GC_96dd11d458ce3bd1	3
V0GC_96dfd3733e030d19	5
V0GC_96eda9eb95dc31db	2
V0GC_96fb96e7e076c167	3
V0GC_971856f7635fc63d	3
V0GC_9721f660eb3e9011	5
V0GC_97255b499336da29	3
V0GC_972da06ade90d3a0	3
V0GC_972ecdb02aba26c6	4
V0GC_973a58f1030ffd89	5
V0GC_975023f28a64446d	4
V0GC_976860d18eac6937	3
V0GC_97693ac18dffd3f7	5
V0GC_976e24f336298b94	1
V0GC_9770f6841eaaeb93	3
V0GC_978561af36865d3e	4
V0GC_978aff9201c182f9	4
V0GC_979a9e355b15049c	5
V0GC_97d14eca29ac0efb	5
V0GC_97d61c55adb4ce40	4
V0GC_97da21705f4afc98	4
V0GC_97e58cfba23b7f01	2
V0GC_97f5def1fe44dd31	3
V0GC_97f63e2b1bf1976a	5
V0GC_98040e84a15eba3c	4
V0GC_9805ae6c15ebd7c5	5
V0GC_980c0966c12c7766	4
V0GC_980e88ff5f7f47d3	3
V0GC_98123804abddfacb	5
V0GC_981d9760f62e7e97	3
V0GC_9825d49a5843ec69	3
V0GC_983b8064f4877d37	5
V0GC_983ddd3683463262	4
V0GC_9841a57d05d362c0	1
V0GC_984a703282af1f5f	2
V0GC_98570459c47f97b2	1
V0GC_986b1afe266064be	2
V0GC_98706c2c0ea6de4a	1
V0GC_98750d204b8e88ba	3
V0GC_98800111d425f40f	2
V0GC_98855e51636d7e69	3
V0GC_988f42e71d1c4219	4
V0GC_98908cda1944e970	5
V0GC_98a2f39b277cd27b	2
V0GC_98a5ab70daa22821	2
V0GC_98a810f185fe8bad	4
V0GC_98a901c88dd9d1ce	3
V0GC_98ad3a470489df35	4
V0GC_98ce5570acef7cdb	1
V0GC_98d6399d3015ffea	4
V0GC_98d863481f2df317	4
V0GC_98dbb1eb46df22f2	4
V0GC_98ebb69c9b58d557	2
V0GC_99210f76b3974554	4
V0GC_992199ed093a5f2b	5
V0GC_9924583fb33c0dda	1
V0GC_9935f5ae6bc562ea	4
V0GC_993c2212a6b210ff	2
V0GC_993e349e06280f9e	5
V0GC_993fff6f01d57025	4
V0GC_99438b7cd9d7bac7	4
V0GC_994655977321cd84	4
V0GC_995140624213a380	3
V0GC_9957b4a1b47e3f79	3
V0GC_9960c61aaccb547d	4
V0GC_996610b0a571f15b	4
V0GC_997c7f2939512f3d	3
V0GC_99899d5735c87965	1
V0GC_99906df56631436e	5
V0GC_9999df820c3271f1	3
V0GC_99a2795faee1e108	3
V0GC_99cb60da7066f61a	5
V0GC_99cd901916ebe343	1
V0GC_99d8ac02acd12868	2
V0GC_99d964c76bb91fa6	2
V0GC_9a0ed387a7d67aae	1
V0GC_9a0fc571c4e787f9	4
V0GC_9a1a53ce13b80637	3
V0GC_9a26090dcb8f5c24	5
V0GC_9a315905e83c8ef9	3
V0GC_9a342b3846ccf002	5
V0GC_9a6a8b0c0c97a19f	5
V0GC_9a6ba9b241844420	2
V0GC_9a9090ef527067bf	1
V0GC_9a93f339c981849d	2
V0GC_9a950e4490cf5de6	4
V0GC_9a9b4f64df9d95ce	5
V0GC_9aabaaa0012cdb17	1
V0GC_9aac39eda531f8ca	4
V0GC_9ab7ff853bb8fb41	4
V0GC_9abd37dc077c99cc	3
V0GC_9acf5a4609aa3556	5
V0GC_9ad69d515b548155	4
V0GC_9add906e82339b8f	3
V0GC_9b0c2ed36494281b	2
V0GC_9b2a8cdf61c4e890	2
V0GC_9b2da4b8501b0136	2
V0GC_9b2e64130052771e	3
V0GC_9b471cd7927c29b1	4
V0GC_9b4b9ab9a7e554fc	1
V0GC_9b515089b3772c1e	5
V0GC_9b5304eaf4ac1266	3
V0GC_9b5e8c6c82f23bf6	1
V0GC_9b65d6f1f11c7b26	2
V0GC_9b7cd10dbdf7c3da	3
V0GC_9b7f4593ccc6f8de	4
V0GC_9b89f0b36de67da0	4
V0GC_9b8dab2cea9f3bd4	4
V0GC_9b94f1dc16b60ed1	3
V0GC_9ba992c1475053ec	3
V0GC_9baccc7a18bf5c17	5
V0GC_9bbbcc65c3fa874c	1
V0GC_9bc700de0c11eb2f	4
V0GC_9bde7be4c9be4ebb	5
V0GC_9bde7f3c7694fe6a	1
V0GC_9be468985936972c	5
V0GC_9bfa4873de3d4373	5
V0GC_9c06c740d89e6a3a	3
V0GC_9c0ddb53180553e9	4
V0GC_9c2b49bdd45437f5	2
V0GC_9c2e5d64904c0c95	1
V0GC_9c335c6ea65055a6	1
V0GC_9c44b253297980a7	3
V0GC_9c4a65c21fc7357e	2
V0GC_9c4ca3a16e05de60	3
V0GC_9c8cf3656d3264e3	4
V0GC_9c8f74fbb16e79ed	4
V0GC_9ca2cebe7f209c9f	1
V0GC_9cab76986b7790d0	3
V0GC_9cb185d18391ca93	5
V0GC_9cca5e0e77b5a6c2	5
V0GC_9ccbf9e2016d82b7	3
V0GC_9cd686c74e44b43e	3
V0GC_9ce320554c1b145c	2
V0GC_9d07632ceaafe8ab	2
V0GC_9d0c2aabeeb10277	3
V0GC_9d1ac441f538a92f	4
V0GC_9d20fcb50959dae9	1
V0GC_9d23b68792a7814d	1
V0GC_9d29697081a0ecaf	1
V0GC_9d2f8655ee412fed	3
V0GC_9d4f9c631c315aad	1
V0GC_9d604723dcdcb9e5	2
V0GC_9d62a32eb7b6c1a0	1
V0GC_9d67ac891e07ac91	4
V0GC_9d7bac1c58ffdd32	3
V0GC_9d85b08abe8d882e	4
V0GC_9da967c2e23f0a38	2
V0GC_9db9db7dfee7f919	3
V0GC_9dc1d31d640d9230	4
V0GC_9dc56e83a7ff23de	5
V0GC_9dd752d0988fe6dd	3
V0GC_9ddf29e7d1a5ed73	2
V0GC_9de16c4b3cb16660	5
V0GC_9de7b81de38afeb9	3
V0GC_9df0659654c426d9	5
V0GC_9df1a413e26256dd	4
V0GC_9dffa1b60b938309	5
V0GC_9e04f0aa081b5cd4	4
V0GC_9e1de756d57f4ca5	2
V0GC_9e3686dc74eb6b12	3
V0GC_9e3be71027565b7c	5
V0GC_9e5e51b630266541	5
V0GC_9e71ea8c5b763ccb	2
V0GC_9e8717b6fe043499	5
V0GC_9e90480cb7c25e64	4
V0GC_9e9819ca0502a4bb	1
V0GC_9ea9218d587f79b1	1
V0GC_9eac0d7e79aade44	3
V0GC_9eba6c59fadbe556	4
V0GC_9ebccc2164a6119f	2
V0GC_9ec9ad4a8bd3156a	4
V0GC_9ed520f8445eef17	2
V0GC_9edada23567c8377	4
V0GC_9ee248e451d26cfe	2
V0GC_9ef41d749f09e6b5	3
V0GC_9f00ed11d38cf2ac	2
V0GC_9f066c4fdd91f1c2	3
V0GC_9f07dbbd03b024ae	2
V0GC_9f08d7494e3a708d	1
V0GC_9f1a5b4c68efc19d	5
V0GC_9f1c8ef214f11865	2
V0GC_9f25753170d8cd2b	4
V0GC_9f36d511ff014729	5
V0GC_9f39a04b53f75176	3
V0GC_9f44582e67913d2c	5
V0GC_9f4d534668ec69c9	2
V0GC_9f565038d2deeee8	3
V0GC_9f5fd806e9473505	5
V0GC_9f65fad8251a839a	1
V0GC_9f7a47b17a6df356	5
V0GC_9f7f6b64504afac9	5
V0GC_9f89995dc6cb9c8f	5
V0GC_9f8bdd97aa08ba0c	2
V0GC_9f8d77a33e5ad621	2
V0GC_9fab2a8b23bab76e	4
V0GC_9fb8f4d92c9e1980	4
V0GC_9fba552caf37f6aa	5
V0GC_9fbfcf0ab8351cff	4
V0GC_9fc3a3aee76fa2b1	3
V0GC_9fcd26530b2ce02f	4
V0GC_9fd4b8e9d8feee3a	5
V0GC_9fe86d3cbfc1d071	4
V0GC_9fefbc0eea8b83fa	4
V0GC_9ffcd6c699283b99	1
V0GC_a022f59b390e16d1	1
V0GC_a0245e4f3119dd6f	5
V0GC_a026e8f3733207a2	4
V0GC_a033536af846a354	5
V0GC_a03d0cd04ffe81cc	3
V0GC_a04573e3e4934986	4
V0GC_a05a29df1fc0e81f	5
V0GC_a06152a7a5653e16	2
V0GC_a07ddab4198c1634	3
V0GC_a084bf36ca1202c6	4
V0GC_a0a5bf5e42e63d1f	2
V0GC_a0a9fe100c92aee3	5
V0GC_a0ab26da1ecf2abf	3
V0GC_a0bcc2f67b3a8d4b	5
V0GC_a0c4f4797faecf5e	4
V0GC_a0c99ff9acc1b14d	1
V0GC_a0e0a4bed8e62ff8	3
V0GC_a0e2610744a494a5	3
V0GC_a0e56bd1f1d19ad4	2
V0GC_a0e76c29e126d49f	4
V0GC_a0ee81e6c0108c31	5
V0GC_a0f6c735d8ed8877	1
V0GC_a0fab430edb407be	2
V0GC_a103d94e1b5b554c	1
V0GC_a10520583e10b715	5
V0GC_a113f2aa5f17bed1	4
V0GC_a128867f820101f5	1
V0GC_a129406789ac64ad	5
V0GC_a1400dd76aea95e7	2
V0GC_a15b1c623bc7a7cb	2
V0GC_a15eaf95337d472e	5
V0GC_a16ba4228b3ddf58	5
V0GC_a16c1b6cae358c01	1
V0GC_a17394279a02a618	1
V0GC_a1805f669ba98b01	3
V0GC_a1a123e5f5d6508a	2
V0GC_a1c4383354b7b7ef	3
V0GC_a1c70dec1d20ad82	2
V0GC_a1cf78915c1ba4a5	1
V0GC_a1d243c9e6d2401b	2
V0GC_a1f66f6fa5e65b48	1
V0GC_a1f9f06ead71ea1f	2
V0GC_a1fa0b49d4617ce4	4
V0GC_a2060df5dbc6ad0d	5
V0GC_a2072a977089bad9	2
V0GC_a22223d26462a0b9	4
V0GC_a222730bfc9ad25d	2
V0GC_a229565f5975da38	5
V0GC_a22ebdd99e9d3880	5
V0GC_a23548683eb1c2c3	1
V0GC_a237ff08b9f858a2	3
V0GC_a25ab8a0e7da8d18	1
V0GC_a25c8c92e5ff181d	5
V0GC_a25e415862d81368	2
V0GC_a2604cc3606aab9f	4
V0GC_a262f525e4bc93a9	3
V0GC_a269352c5ba74af5	3
V0GC_a273c6c7c4f0ddc2	5
V0GC_a2778f26e6940249	5
V0GC_a288d3768d7190c9	4
V0GC_a28fab48c16a6cbb	4
V0GC_a292a8d7c398a83f	3
V0GC_a297ac06c764405e	4
V0GC_a29a6eb413c731c6	4
V0GC_a2b590c4839bd5da	5
V0GC_a2b9a47ae605b1f6	3
V0GC_a2bdae41fd35a7e9	3
V0GC_a2bed010e6b336ad	2
V0GC_a2c94608d8e86adf	1
V0GC_a2d55d1028cf3b9c	4
V0GC_a2d80302deddbc53	4
V0GC_a2dedad3484255be	5
V0GC_a2f67853a56dd8e7	5
V0GC_a2fafd9448889aa7	5
V0GC_a328f90196c21b5d	5
V0GC_a338a8baa0071d96	4
V0GC_a3484084f692323d	2
V0GC_a353ef64df7f0164	2
V0GC_a35e65291bde980b	2
V0GC_a35e900f07658cde	3
V0GC_a36173ca0fed5a24	5
V0GC_a373a6ea0faecf01	1
V0GC_a37cfdfb6fea6abd	2
V0GC_a382d38d51d0d12a	4
V0GC_a385ec3aec969e6a	2
V0GC_a386392bfae4303e	4
V0GC_a38cbf07c28159d4	2
V0GC_a390c04f8d0c048e	1
V0GC_a3911371403eb903	2
V0GC_a39234000ce9859f	2
V0GC_a399bfcc244074ce	5
V0GC_a39e027d16cd5198	4
V0GC_a3a2f07b716a9c1e	4
V0GC_a3b4b87e7f76108c	1
V0GC_a3cd8fa5355c4561	2
V0GC_a3ef6692b3f0b0bd	4
V0GC_a3f2564f61ce0e1f	2
V0GC_a4007078b4dde31d	4
V0GC_a406447b9e4808bf	3
V0GC_a413193517cf129d	3
V0GC_a4132f20e687e9a5	5
V0GC_a4205637a096193c	5
V0GC_a44b40a0ada81f7f	3
V0GC_a44bd959f912eb0e	4
V0GC_a450ca979ea7e1d5	5
V0GC_a46760f8dbcd84f4	4
V0GC_a469073c553eba96	4
V0GC_a4904bad7120c81d	2
V0GC_a490dfc1914639fe	3
V0GC_a492b4fdf0270f48	5
V0GC_a49f3311639798e1	1
V0GC_a4a883afcd690fb6	1
V0GC_a4b58169163b8348	4
V0GC_a4bb86db5c4ab36b	2
V0GC_a4d457f6011a3511	3
V0GC_a4ec9093b8064101	5
V0GC_a4f9b32fcd1f998f	3
V0GC_a51624dae90d31ec	2
V0GC_a51cde2bd5615c84	3
V0GC_a5228d6b205c95b4	2
V0GC_a52554fe88923296	2
V0GC_a5352ff9a09b73bf	3
V0GC_a536aa08f0a2bb5e	5
V0GC_a549f4d5dabafdfe	5
V0GC_a54db146295f3fca	1
V0GC_a55281c1ac96c895	2
V0GC_a5631866da47357a	3
V0GC_a568c17100f0c4ab	5
V0GC_a570e3d2d7833312	1
V0GC_a57b38a83cd91a1f	3
V0GC_a5836f0d069efb6d	2
V0GC_a591a943525e5b09	4
V0GC_a5a95f56a7e4d92a	5
V0GC_a5ac9b037e69be51	2
V0GC_a5c094a983c74846	2
V0GC_a5c4dfc9283aa401	4
V0GC_a5d0e67ca7f3d58d	5
V0GC_a5e2be5956a9b88a	1
V0GC_a5e3c3931c053c32	2
V0GC_a60b6f20674b2d67	2
V0GC_a618c51fcd94e3a5	3
V0GC_a624a5a5a24c6522	2
V0GC_a629a808e6eaa536	3
V0GC_a62fbea8da77dc20	5
V0GC_a633a365dc00a7fb	5
V0GC_a64ac744dda45e2f	2
V0GC_a64b7e325e211870	1
V0GC_a64d4a879e19d63f	2
V0GC_a653f7b9bd76fd1f	4
V0GC_a65973920eb7e603	2
V0GC_a65d1acc5462b4fd	2
V0GC_a6624a272d8f4e25	4
V0GC_a677a49cda2f2092	1
V0GC_a683095debcd7ebf	3
V0GC_a68554623653037d	4
V0GC_a68bca676a9d3c96	1
V0GC_a6978b92261a3eac	1
V0GC_a69a476bbefa5b25	3
V0GC_a6a81304a33a31e1	5
V0GC_a6b3a9d81fd17556	5
V0GC_a6b629ce23a3e776	4
V0GC_a6c9622406117652	4
V0GC_a6cfcb64718d35e7	2
V0GC_a6d8a91e84427b78	1
V0GC_a6da61d52819254d	2
V0GC_a6f00f96a59d87f2	3
V0GC_a70ef5f0ecf22000	1
V0GC_a712d36f5298e797	3
V0GC_a71d746f9e22c0ce	4
V0GC_a7281e1709a31cc3	2
V0GC_a72963ea778c0801	5
V0GC_a72d1a47fef1090a	4
V0GC_a72fa09e2ca78e4c	3
V0GC_a7393e94c8022c31	2
V0GC_a7496b697b2d5061	3
V0GC_a754972b49e4c763	1
V0GC_a756d01e893fad82	4
V0GC_a7765d14fa399dce	4
V0GC_a785d4e2cf5ddaa3	5
V0GC_a78cdbeeedeca0bb	5
V0GC_a7922d3f68703fd4	1
V0GC_a79842b27b18aeab	1
V0GC_a7a25634847bd289	4
V0GC_a7a40fd2348ee7fe	3
V0GC_a7aec744627cf515	1
V0GC_a7b1291fac72583b	2
V0GC_a7b4482778963775	4
V0GC_a7bfa32208d330bc	2
V0GC_a7c25db4f7c7a1b7	2
V0GC_a7c7f6a56a28e1c1	4
V0GC_a7c93d5f5d4b516c	5
V0GC_a7d1865c8321af5d	3
V0GC_a7d7b5b36a8f26d0	2
V0GC_a7d94bb16f9ce1a6	5
V0GC_a7de04b6f65f7a22	4
V0GC_a7ec132b0977a491	4
V0GC_a7f3e37457ff7146	1
V0GC_a7fcd5c6ea1bd7cc	4
V0GC_a83810797fed1312	2
V0GC_a839a91443e6fe1b	1
V0GC_a83b654d293ce689	5
V0GC_a841cd10ee145602	5
V0GC_a84e5d3e8aa45352	4
V0GC_a86f2f01473c6740	2
V0GC_a870d9eb1ca0debf	4
V0GC_a882808e5255b2ad	5
V0GC_a8879b3cfea226f0	5
V0GC_a894f0c13195deb4	5
V0GC_a8aed9a6651bdc05	1
V0GC_a8bf48c46b28413b	2
V0GC_a8cb5223d0c0e49f	3
V0GC_a8ceb0137e7d32fe	5
V0GC_a8de1450de125490	5
V0GC_a8dffa63d35e5a5a	4
V0GC_a8e6a098a15d5283	5
V0GC_a8f132ac7c80c82b	5
V0GC_a8f18f30d33259f2	5
V0GC_a8fc883526427da7	4
V0GC_a8fcd9923547811c	1
V0GC_a90e37155c262911	1
V0GC_a914c559af5014f4	2
V0GC_a921f7a0f293823a	4
V0GC_a934b1e38881f8b6	5
V0GC_a95407054d6b485f	3
V0GC_a9615a083d4942e3	1
V0GC_a967e078edb1a566	2
V0GC_a9703e40c43575cd	5
V0GC_a9736a60a973d124	5
V0GC_a990dfe1c5b748d4	5
V0GC_a9997bd375c0848f	2
V0GC_a9a007fb89c7f93a	5
V0GC_a9a9f390d69e715a	2
V0GC_a9abe32e324bb210	2
V0GC_a9ba6f16a8723f5c	2
V0GC_a9d9f94cbe7f1925	5
V0GC_a9ddfd4541cf8d78	2
V0GC_a9e0cbde7aa7da9d	4
V0GC_a9e40033aae89bdb	2
V0GC_a9e7d9947b131816	1
V0GC_a9eb82da21e29250	3
V0GC_a9eb9afe40a20cc4	4
V0GC_a9fca518effd942f	2
V0GC_aa122c98aa0640ea	3
V0GC_aa656abd908f82ae	4
V0GC_aa954a209d25bfeb	1
V0GC_aa9c4a02fb9d782c	3
V0GC_aa9d07720bb29fc9	5
V0GC_aa9eb7a760bb727b	5
V0GC_aaa9a0a172e2f1b4	3
V0GC_aab292f429a7c47b	2
V0GC_aac50b5b1ea5c028	5
V0GC_aac7d69fe0651fd7	1
V0GC_aadc555415dca2ee	4
V0GC_aaf711fbf4779d9e	5
V0GC_ab04929c076c5965	5
V0GC_ab2171e700a5ea90	1
V0GC_ab27e72b9459494e	4
V0GC_ab4c81c3b3f5bfb4	3
V0GC_ab5104e6ff2a6c55	5
V0GC_ab74beab3c9b68d4	4
V0GC_ab7ba47abaf43590	1
V0GC_ab8209b05f76fb66	4
V0GC_ab85ad0bfcc7e5e7	5
V0GC_ab9e8abdf9a9fbb6	4
V0GC_abaf60d946145d6c	5
V0GC_abb4249bda5004b9	4
V0GC_abc0514620977e60	4
V0GC_abd0d71b99af2234	3
V0GC_abd6f2fa8177ce01	2
V0GC_abee3fe99569f693	5
V0GC_abf2514d49be2d94	4
V0GC_abf68cd8ad402fc2	1
V0GC_ac049c4f15a67089	3
V0GC_ac2b2506b5ebd30f	5
V0GC_ac3fa6103286e18a	3
V0GC_ac530646252f3eef	2
V0GC_ac5bcaa2a3074c53	3
V0GC_ac61bb6478b405c5	5
V0GC_ac704b79b31eb7b5	2
V0GC_ac77059475fda545	5
V0GC_ac78ab95d2a26d3c	5
V0GC_ac7c683c6aa182ae	3
V0GC_aca096d40f6824a8	3
V0GC_aca38e36fdd33b9f	4
V0GC_acbc1e968c48fa32	4
V0GC_acc05d4efcda6789	4
V0GC_acc311d43f0aad64	4
V0GC_acc5b2896a8b2e9c	2
V0GC_acfa505c45a84237	4
V0GC_ad053c3113bb95d0	1
V0GC_ad058b9473d13ecc	3
V0GC_ad0d4d1e0699ba37	3
V0GC_ad16a38e88bfad92	3
V0GC_ad195215332018a0	5
V0GC_ad1a8b62c1dd4497	2
V0GC_ad2ee767a65a9913	2
V0GC_ad2ef6fad950f8be	4
V0GC_ad3dec0a2997512d	5
V0GC_ad473129026e0ec4	2
V0GC_ad4a71f53944475b	4
V0GC_ad4c435877f1ec00	3
V0GC_ad4dfdfeace9e131	3
V0GC_ad525a4646d17584	3
V0GC_ad594c17154db746	2
V0GC_ad59c7de1d208ade	1
V0GC_ad6a35e2d3de7ff2	5
V0GC_ad866086099d4d29	2
V0GC_ad8f5985b9994b53	5
V0GC_ad9356fc7e021973	4
V0GC_ad964bf42195a90a	1
V0GC_ad9adc891d64d04b	2
V0GC_adb0826b37d37f9b	3
V0GC_adb55372e09971ce	5
V0GC_adb6283483b427c2	4
V0GC_adc2f1d6893bd570	4
V0GC_add3c4a0162b736f	4
V0GC_ade41364d0f3cf1e	4
V0GC_ade9b70a24911cc6	3
V0GC_ae09a75f16d2c5c8	3
V0GC_ae0fae998439f940	2
V0GC_ae1052427f3f105d	4
V0GC_ae11a3afb05fc304	3
V0GC_ae18b5176ff601c1	5
V0GC_ae1ba07b70a99e16	4
V0GC_ae2aebb2ac5fcbf0	1
V0GC_ae3059cdf6b977eb	5
V0GC_ae3ba20a7eac163a	2
V0GC_ae3d8a7603e990ca	3
V0GC_ae45457b5dcfdcec	3
V0GC_ae4e31b6e7f51776	5
V0GC_ae5f61b43890b3f1	4
V0GC_ae69160ba08fe1ec	3
V0GC_ae972ca1d2da10e4	5
V0GC_aeb092e017c50ee8	4
V0GC_aeb937c269985506	4
V0GC_aec0f3f2ab9d51a7	2
V0GC_aeca3800feee86c8	3
V0GC_aecf41ab5d246093	4
V0GC_aecfa338bc318879	2
V0GC_af18ed84f6c48d3b	3
V0GC_af1afa571230d0d7	1
V0GC_af25a2ea5eaf4f0d	3
V0GC_af2727c002cdba36	1
V0GC_af27a6125c05b462	5
V0GC_af300d72f521dcc9	3
V0GC_af3b054003ab9a67	1
V0GC_af3b6a04c05b5382	3
V0GC_af473b52d265389b	5
V0GC_af50120eef0348f4	2
V0GC_af512c76463f23e2	2
V0GC_af58da96e30b0d06	5
V0GC_af752637643c6bd2	5
V0GC_af9375565a41872a	5
V0GC_afa8ac64160c366b	1
V0GC_afcd57c1279a3fe9	4
V0GC_afd80e74a3bde234	1
V0GC_afd836e99d8060f9	2
V0GC_afe47a1a19a80f82	2
V0GC_afefea45c4f1f264	5
V0GC_affa7b9f972bdfbb	5
V0GC_b004e9d3e4b3927b	2
V0GC_b00536b8a8bf63c4	5
V0GC_b02b6907efaaac6e	4
V0GC_b0330ca414c6ac4d	3
V0GC_b0365c68753e0602	5
V0GC_b037cecf741049f7	1
V0GC_b0498732d9615522	3
V0GC_b04fa0644cc0e357	3
V0GC_b058a7cbfb28eaaa	1
V0GC_b0639bd33b724d6c	2
V0GC_b072fa365dd676b5	2
V0GC_b083c1ac2c666f47	4
V0GC_b088947f2548c70f	5
V0GC_b08b70d1cbe54294	3
V0GC_b08c70a5548c1598	3
V0GC_b09a8bff48084289	5
V0GC_b0a812379b9cd09a	5
V0GC_b0a845357bd31956	4
V0GC_b0bdae687d774b45	4
V0GC_b0be035bc99fdc02	3
V0GC_b0ca107e3d31dee5	5
V0GC_b0d174536d636fc9	4
V0GC_b100cb1e7671a874	3
V0GC_b10a8617d4355879	1
V0GC_b12bdcec75e2aaf1	2
V0GC_b13ae1213a5a770e	2
V0GC_b13bae08b805fc55	5
V0GC_b14e1c075c9df39a	3
V0GC_b14eb70b52afb3b5	4
V0GC_b16c9b4dec7b6812	1
V0GC_b16f9033b8cfda52	2
V0GC_b1999cbec794178a	2
V0GC_b1a1aa577c4cc664	3
V0GC_b1a65f2bcd80478a	3
V0GC_b1add326ba27c8ed	3
V0GC_b1beac35e558f67c	5
V0GC_b1da310e81ac0431	2
V0GC_b1f1669c34477f26	5
V0GC_b1fee558c6893f9b	5
V0GC_b200e742d086976d	4
V0GC_b25b26161ba75a3b	3
V0GC_b25e41b54011e93c	2
V0GC_b25e82f78c19afa4	3
V0GC_b26769fb4be1fc8e	3
V0GC_b27973617d6c8846	5
V0GC_b29d05383dbc2686	1
V0GC_b2ac44d47dc2768c	1
V0GC_b2bb0a013561f414	3
V0GC_b2c1b60887ac775c	1
V0GC_b2c1c0251aab851f	2
V0GC_b2c66127b2acdccb	3
V0GC_b2c9311aab785df6	5
V0GC_b2d2e20860089014	5
V0GC_b30467ba0356a37b	4
V0GC_b30f045ee53c7b8b	4
V0GC_b311c73c89d801fa	4
V0GC_b32b07326859eefb	2
V0GC_b32e1ecb172105db	2
V0GC_b32fff383b975f6e	5
V0GC_b33b32df101cd00f	2
V0GC_b34e21de39513137	1
V0GC_b34eb647ffc3cf63	1
V0GC_b35231c9c3178f79	1
V0GC_b359a1156198a30d	2
V0GC_b35dbcf20d4994ea	1
V0GC_b35e229924ae0e8c	3
V0GC_b37de2699e4be970	5
V0GC_b388ecde7c02b06b	5
V0GC_b390976d685d078e	2
V0GC_b39e1645413411e0	5
V0GC_b3b440ffd8a67d23	1
V0GC_b3b822c285be26fe	2
V0GC_b3c3da0bbb5e6743	3
V0GC_b3c74d91738009d0	1
V0GC_b3cdde08ef83ee7e	4
V0GC_b3d56c27963c9ef5	4
V0GC_b3dff87452c787ce	5
V0GC_b3e2d1d77a617842	5
V0GC_b3e71059cd13b77b	4
V0GC_b3f0f3edd72f9431	4
V0GC_b41ea42573010a35	4
V0GC_b423ec9be1733144	5
V0GC_b42a65b500c17b37	4
V0GC_b430f046916e92ad	4
V0GC_b43d1093c856c579	2
V0GC_b43dc92de782eba3	4
V0GC_b44213f44af00549	2
V0GC_b4437b4445f6a828	2
V0GC_b452690e8894a74a	3
V0GC_b45f09c78fdf36ed	3
V0GC_b463fbedd4f4fc83	5
V0GC_b4693182b348b66d	5
V0GC_b46d63aabb7b76b7	3
V0GC_b47c54286fa8e8cd	4
V0GC_b48984722cc860b7	1
V0GC_b48b8ab596e6d818	3
V0GC_b48ea5928f722437	1
V0GC_b4a2d5bd07789746	4
V0GC_b4ad5549ba3dd6b0	2
V0GC_b4b691a201a10a08	3
V0GC_b4c1c5450b1640af	4
V0GC_b4c2e8d2031a57d6	5
V0GC_b4cdec1f65c5123b	5
V0GC_b4d5c8445bc29df5	4
V0GC_b4f4be3c6b01e61d	5
V0GC_b4fee264c7e78bbf	5
V0GC_b52e34f6e5b01acd	2
V0GC_b531f8f10d66eb27	2
V0GC_b538b70c108a6588	3
V0GC_b540e1134c60e014	5
V0GC_b57875e56aab2932	3
V0GC_b57b1a4235c4e993	3
V0GC_b5967189b7826862	3
V0GC_b5c2c0fe6e056a81	2
V0GC_b5c45e30876b9263	5
V0GC_b5ce5f8324fedb1f	3
V0GC_b5d148546e238386	3
V0GC_b5d3f84a27f8a17f	4
V0GC_b5ee146a8c829475	4
V0GC_b5eef04674f313b9	3
V0GC_b5f5216b2f030733	4
V0GC_b5fba57f6a72b3c4	4
V0GC_b608f5c27f0f6687	2
V0GC_b6164c62ff691fe9	4
V0GC_b620cc20fb5bdeb8	1
V0GC_b6243110ea0919f5	3
V0GC_b62e7366a6522e04	3
V0GC_b633bccaa63b2024	2
V0GC_b633c133637b2db7	5
V0GC_b66a55debf6ef2b4	5
V0GC_b66b4f9ee65275fd	3
V0GC_b6713f4502e63363	2
V0GC_b682e38da2eb034b	4
V0GC_b6908161e8d2ee0c	1
V0GC_b692290580b1fb47	2
V0GC_b695391721d68b6a	4
V0GC_b6a09ec7d9a7ac80	3
V0GC_b6b5425d343b767a	2
V0GC_b6c119d57fde20d4	5
V0GC_b6c1fd582314a069	2
V0GC_b6c223abf446e1db	2
V0GC_b6c7f4e83abcd32e	4
V0GC_b6cd050a4f06c85f	4
V0GC_b6e2e3fc6356e6fa	4
V0GC_b6e4565f05090218	3
V0GC_b6e6f6354f8bcde8	1
V0GC_b6fad32569b4632a	2
V0GC_b703042ff2d6e3b7	3
V0GC_b71ffe05b4e0d8f7	2
V0GC_b72278bf97fb0158	2
V0GC_b729e745c9c467d5	2
V0GC_b72b9a3d7006a4c0	3
V0GC_b734b523842980cd	3
V0GC_b76b49798a9965c5	2
V0GC_b7771b7771c35725	3
V0GC_b77bd6940ab961c7	5
V0GC_b77d21c33eb78e48	3
V0GC_b781d0015e196b54	3
V0GC_b799c9bb09188d10	2
V0GC_b7bd1d24d8f425f4	5
V0GC_b7cd8ae426ede3f0	2
V0GC_b7db8696edc050dc	5
V0GC_b7dd11a186eda170	3
V0GC_b805f74015fe8cdf	1
V0GC_b81cad2454c92fec	2
V0GC_b81fdde081becbff	5
V0GC_b839c0356e850364	4
V0GC_b83cd29e1f0d9bd0	1
V0GC_b86f1abc81dfdf86	3
V0GC_b87a1e5d782b0d77	4
V0GC_b887f019c62ee004	5
V0GC_b88d5955ecc8f221	3
V0GC_b890c6b34d67ceb5	1
V0GC_b8993d09279cde3d	5
V0GC_b89b5bdab8929071	5
V0GC_b8a9c4909000c6fb	2
V0GC_b8c5e41609b92bd2	5
V0GC_b8d8cde035b192d5	4
V0GC_b8e0d6e0384b8494	3
V0GC_b8e299c02412f97a	3
V0GC_b8e956977f386ebd	1
V0GC_b90b8e91bdb60bff	2
V0GC_b90c0e652acb73b3	5
V0GC_b921d69d9b424303	2
V0GC_b92bdffe8d454205	2
V0GC_b934b94fd68ba5b3	2
V0GC_b94383673a6c98fa	5
V0GC_b955c70f80ac2d60	2
V0GC_b95602158bee3831	3
V0GC_b9661c4ce7c7714c	3
V0GC_b96e089166b52d8f	2
V0GC_b97095050b8da697	5
V0GC_b9965537ba53367c	3
V0GC_b99e1635b76231ee	4
V0GC_b9a62a84daee14d6	5
V0GC_b9a7c6d5616aa470	5
V0GC_b9a8e556af8759e2	5
V0GC_b9b366d1a1a96bda	4
V0GC_b9b3e0db20ecfbc3	2
V0GC_b9d2817ef815475f	3
V0GC_b9d309c4f3d63198	4
V0GC_b9ee698d9e1602fe	2
V0GC_b9fbe962fa3b9d0c	3
V0GC_b9fe0c9905aba4b7	1
V0GC_b9fff02b838168fc	5
V0GC_ba0013b63736fd97	5
V0GC_ba019e2922b80758	4
V0GC_ba14d6f72544aa93	2
V0GC_ba1f459ede0f1306	4
V0GC_ba22275898fc216c	3
V0GC_ba239b506904b6d3	1
V0GC_ba25f004ec49eadc	3
V0GC_ba2d7a84fe076c0c	4
V0GC_ba3403c02ca1d58a	1
V0GC_ba37cebe4512f47f	5
V0GC_ba45f0dd2e663645	2
V0GC_ba586ead90046675	4
V0GC_ba58961269125822	3
V0GC_ba591cb3252fface	5
V0GC_ba63fd1263b167ab	2
V0GC_ba66a42e26a48979	4
V0GC_ba6a8edd7a5d070a	4
V0GC_ba78307ad8b59a40	1
V0GC_ba7d66a3ad60b7c6	2
V0GC_ba83b0b72492520d	3
V0GC_ba890d02d4e953d7	5
V0GC_ba913fdb63dd37ac	1
V0GC_ba98eaa98dc43cb5	3
V0GC_baac1fcbc98b654e	4
V0GC_babcf377acdab8cf	1
V0GC_bad2e9d59bcef791	4
V0GC_badbe77ac786ec10	1
V0GC_bae484d72e18e24c	5
V0GC_baecdc65e6ecbe8c	3
V0GC_baf0e6f609979879	2
V0GC_bafc364f92ab7469	1
V0GC_bb05b394bfeb1b03	1
V0GC_bb19127d3b566b39	5
V0GC_bb2dde86f32567b3	4
V0GC_bb2f2c0afb7af70a	4
V0GC_bb627e92b6514dfa	4
V0GC_bb6db6fcf25dd3c4	5
V0GC_bb7090f15eb73cf6	5
V0GC_bb7b334b2f7c2204	3
V0GC_bb7eca25b406e5c7	3
V0GC_bb8bc91f113f6dea	2
V0GC_bb9634398ce28f89	1
V0GC_bb96ce65859e3796	2
V0GC_bba6c8f9052cc160	2
V0GC_bbbba7d9bcc62813	4
V0GC_bbbbf93b623512f5	1
V0GC_bbc07a591d048a66	5
V0GC_bbc453f3db5b861e	2
V0GC_bbd0876508748cdd	5
V0GC_bbfcf3cc684f50a4	5
V0GC_bc2ef071055df161	2
V0GC_bc370f9983da5e55	4
V0GC_bc3f265655079dfc	5
V0GC_bc644c71c479d3bd	3
V0GC_bc6632ea433b6e37	5
V0GC_bc6658f475d9f6f3	2
V0GC_bc6908bc32e4494d	2
V0GC_bc901c90c51b4a54	5
V0GC_bca208e09a2d6697	1
V0GC_bcc285ec7d0ff52b	3
V0GC_bcc815e314b662e8	5
V0GC_bcd4f9baee9bdd39	2
V0GC_bcfcb1dc435af400	1
V0GC_bcff9f103c3b457d	2
V0GC_bd086a0c695bb63e	3
V0GC_bd0b6c18be1ad59c	3
V0GC_bd14e72ed9fb6bfe	3
V0GC_bd1d0914f371d8c3	4
V0GC_bd27dc390d2ed3df	2
V0GC_bd30a6d6a3e49d6d	4
V0GC_bd3e7294d67cf336	3
V0GC_bd4cbbba3c600aa1	1
V0GC_bd4fb884ba283062	5
V0GC_bd74339ee4251fb0	4
V0GC_bd74efc95019d3a5	3
V0GC_bd78024ea4fd0d7f	2
V0GC_bd997521f2a678ae	1
V0GC_bd9d0a276f21d60b	2
V0GC_bda6b542843be915	3
V0GC_bdb53f29e86be1bd	5
V0GC_bdb90ab0440778e6	3
V0GC_bdbe4197644987bd	3
V0GC_bdd02a82468c8079	5
V0GC_be0004f998f3280b	5
V0GC_be05a75aba8d6c76	2
V0GC_be0c4d2985567496	1
V0GC_be11423108a3ae4c	3
V0GC_be14bf9516507b94	1
V0GC_be1c4d138dcf89c9	2
V0GC_be1cd7a6d760b65b	3
V0GC_be21f2666f9a4c10	2
V0GC_be27b8bbff874e12	5
V0GC_be28e5a4ba65e4b2	2
V0GC_be427b459cfc8bc2	2
V0GC_be510e63315dd7fe	2
V0GC_be55bbf1d53f5a10	3
V0GC_be58d76f33914e9b	3
V0GC_be61be5d3e2bd6c4	4
V0GC_be6c4fe3a7eb4dc7	5
V0GC_be6eba8d82574def	4
V0GC_be7a6b17e60c0b78	1
V0GC_be83da14f17dae9d	3
V0GC_be8a3047d23efd20	1
V0GC_be95982a8d633dbb	3
V0GC_be96b44b680ebac1	5
V0GC_be98741e5ed998f5	1
V0GC_bec979943cff5b78	3
V0GC_bed098cb1f6f342b	4
V0GC_bef4062db8986fe9	5
V0GC_bf13e6f1f70c5ad6	3
V0GC_bf1d2857478d2ae2	5
V0GC_bf29df9b3820592d	1
V0GC_bf3403343962c4c2	2
V0GC_bf3a5daeb714e6c1	5
V0GC_bf4b172589df52bc	1
V0GC_bf55b116e45bb465	5
V0GC_bf5abe70f5ec12a3	1
V0GC_bf5ad5617945d5bd	1
V0GC_bf6d04c2be532836	4
V0GC_bf8a6b653d1e5c84	2
V0GC_bf95f2ea1bb0340c	2
V0GC_bfbf185d1dd8b17b	2
V0GC_bfc3ddd9c5b2a7eb	3
V0GC_bfc8f947d32c1806	1
V0GC_c0024c0a0c7a4985	3
V0GC_c0213281539f192b	1
V0GC_c037adac478f38dd	4
V0GC_c03e14ecdc92f413	4
V0GC_c03f412072f1ee91	1
V0GC_c0419e03323ede0c	4
V0GC_c0420a7bceb2a283	1
V0GC_c04b9bc5d95ac1fa	1
V0GC_c04be14507ed123a	5
V0GC_c05fccc0c0f372b2	5
V0GC_c08268ddf787d638	4
V0GC_c087871c9edbd2cd	2
V0GC_c0991d233dd364d9	5
V0GC_c09fb4b3f33426c1	2
V0GC_c0a2fe35a5d1c705	1
V0GC_c0a41ae4e6db49bc	3
V0GC_c0ad6820fb72ad56	5
V0GC_c0bd8ecb6efbc366	3
V0GC_c0cd1ceb9d0aeffe	1
V0GC_c0f1b3470e6afd28	5
V0GC_c0fa91492a397b57	1
V0GC_c10ee3a853c47aba	4
V0GC_c1166fb006e4f932	4
V0GC_c11c65e89e843a92	5
V0GC_c11f9f31c5b4c869	4
V0GC_c14b03cf22a558ae	5
V0GC_c14b75473656a575	5
V0GC_c154b865ecba7f5c	5
V0GC_c155f1a152355adb	5
V0GC_c165ba30af96244a	3
V0GC_c16e413c36193d4a	3
V0GC_c199e88084d67c94	2
V0GC_c19a2b991a513fd2	1
V0GC_c19ad7e477cbe202	3
V0GC_c19ecc808685b4a1	1
V0GC_c1a2d72a464ca79c	1
V0GC_c1a3f0d2847798dc	3
V0GC_c1a465dcf3745eed	1
V0GC_c1aaf9524a52f4fc	2
V0GC_c1af14d4e74dee26	1
V0GC_c1c83144bcc24d06	4
V0GC_c1d63c97dc7d343d	1
V0GC_c1f31895f2faf605	4
V0GC_c1fc73ae09dedc68	5
V0GC_c2036170e2689d69	5
V0GC_c2045e8278d88493	3
V0GC_c213606fc1a6c508	3
V0GC_c22595ff89608bb0	3
V0GC_c225d002abdb888e	2
V0GC_c22ddadc32eb348f	5
V0GC_c22e70124fb9fe5e	4
V0GC_c23468eb4f027b6f	4
V0GC_c24b4fa54528b772	5
V0GC_c257ce703ac6de53	5
V0GC_c258d98d418f4787	5
V0GC_c2610596c38614fe	3
V0GC_c2616372bc3baaca	3
V0GC_c263b9c455436178	5
V0GC_c269e2684fc41e10	1
V0GC_c28c700199e90bf1	3
V0GC_c294d498d502abd9	5
V0GC_c2af2fc4e2c2b4ff	2
V0GC_c2d3e670ea3afa68	1
V0GC_c2ebd3a92d5dbfac	5
V0GC_c30751d076b5597b	2
V0GC_c3093baeb2fe02c6	4
V0GC_c31dbd862111422b	4
V0GC_c32e3c79320ef8d8	2
V0GC_c33a5252a8700125	2
V0GC_c33ad945635623a2	2
V0GC_c34109caac584427	5
V0GC_c36a7a61281d5d43	5
V0GC_c37456bd5d56f676	2
V0GC_c3788c88ef999c42	4
V0GC_c38094da58aa899e	2
V0GC_c3856b5e9f930fc6	4
V0GC_c3857561f21dc2b0	3
V0GC_c386ef62bff2281e	3
V0GC_c38b7ae026ad17b5	5
V0GC_c38bb66dcaff87ab	4
V0GC_c3959807e603e812	3
V0GC_c39887a695b16e2a	1
V0GC_c3a125c45081066f	2
V0GC_c3b15d88f531441d	4
V0GC_c3be2c17b9cc35e8	2
V0GC_c3c7bb83b133c880	1
V0GC_c3e4a8b9c307178c	2
V0GC_c3ee7b3299cf4038	2
V0GC_c40752c48643e28f	1
V0GC_c4115fe34ca0f734	3
V0GC_c41278c7f2db949c	2
V0GC_c413b11bdd12451c	5
V0GC_c419daca18c1f4a9	1
V0GC_c41f6e581cdbb64b	4
V0GC_c44297a45dfa4d36	4
V0GC_c44fa6ad203c82a2	4
V0GC_c4513187c223d7e2	4
V0GC_c45638070493b53b	4
V0GC_c456940ff2e4609d	3
V0GC_c4735b2df98738b7	5
V0GC_c4894a8b82ecae91	3
V0GC_c491d96c36d314a6	4
V0GC_c49938571c264cb3	5
V0GC_c4a29bd958ae0185	3
V0GC_c4c83847703d3190	5
V0GC_c4d9770b6847c70e	1
V0GC_c4d9d9c449c607c9	3
V0GC_c4db266670d7884e	3
V0GC_c4e329f24f41f752	4
V0GC_c4e738447c5b1496	5
V0GC_c4ed31af94ae8af7	2
V0GC_c4f7680b7a98087c	3
V0GC_c4f9ffaa70049609	4
V0GC_c516d8acb9d66071	5
V0GC_c5235d081d1755c7	4
V0GC_c5372f9959b9fd9d	4
V0GC_c537fbe50b3d8eaf	5
V0GC_c5404cb9f3f2bc94	4
V0GC_c546acb743860abd	2
V0GC_c5527d21627f8f6b	4
V0GC_c55726d033922214	1
V0GC_c568775c19e549b0	5
V0GC_c5736da262738a3b	5
V0GC_c5757237dfbb2ec5	1
V0GC_c57740865fca4dd9	4
V0GC_c5844e78684798ee	5
V0GC_c5966c6ceee44b10	3
V0GC_c598609b274a53d1	2
V0GC_c59e99606901c9f7	5
V0GC_c59f358d3833b4c3	1
V0GC_c5a1c2a6e784b820	4
V0GC_c5b9748b80e77bb6	4
V0GC_c5b9c8995b7dc5b8	2
V0GC_c5c12e22c8fa5b80	4
V0GC_c5c68b8d7510f294	2
V0GC_c5cfadc8f95b2393	4
V0GC_c5cfec16dff08678	5
V0GC_c5da5941aa332f5f	2
V0GC_c5e18141701a6d85	2
V0GC_c5e4d85cd1003dc3	1
V0GC_c5f45f79d96e6d8a	4
V0GC_c5f95c736cec808b	2
V0GC_c5fa29e08f14fe61	2
V0GC_c5fb4097c43c6f6a	4
V0GC_c6070388cc86e251	2
V0GC_c60889ee8ecd8887	4
V0GC_c60c86c300eb1f3a	4
V0GC_c6102352c8cbc9c8	5
V0GC_c610aedc44daf116	4
V0GC_c611c0736546aeb4	2
V0GC_c6190360ffe771f4	5
V0GC_c61ba154de8f6f24	1
V0GC_c62a8c98e9fad209	3
V0GC_c639ea4b245e5364	1
V0GC_c63b39dff80b7054	5
V0GC_c63cc33beb7fae8a	5
V0GC_c64143d2bcd28347	4
V0GC_c642f9b0dfdd3575	1
V0GC_c64743a6cd5cb3c9	2
V0GC_c65abbb7f77ce8bf	2
V0GC_c668de054ff4572f	2
V0GC_c685303837db3baa	2
V0GC_c68f8e9b469e6f76	5
V0GC_c6908a7b5dff7a93	3
V0GC_c6931b75c572a366	4
V0GC_c6af002de313a276	3
V0GC_c6af07093a6aa761	4
V0GC_c6b1f5fa69adab3b	1
V0GC_c6b87acef9d8d54d	1
V0GC_c6bb668143fd5741	1
V0GC_c6caf793de361df5	2
V0GC_c6d9be942dad3e36	4
V0GC_c6e4edd6bf5cdf90	2
V0GC_c6e84cfcdbf8782e	1
V0GC_c6ee9c04bcf5ebd1	3
V0GC_c6f92f8dddf5babc	4
V0GC_c704b2f76fd53ef5	4
V0GC_c71a72eb82c77b20	5
V0GC_c7264e4e5e0d7991	4
V0GC_c72aea3514f94a7e	1
V0GC_c736678a0f42775b	3
V0GC_c7388b2133e2916b	4
V0GC_c748024853041580	2
V0GC_c74cddece0e82199	5
V0GC_c776fcdf53a5f441	1
V0GC_c779cbfdac2ebdbb	4
V0GC_c77aad32eaf0de7e	3
V0GC_c77df74a43b5f422	1
V0GC_c77e6c0fc327c4b6	3
V0GC_c7901544a68e2dc2	4
V0GC_c7acdc8724bca31a	1
V0GC_c7b7d88e88c7f76f	4
V0GC_c7cc6133322b0c99	3
V0GC_c7da260a5428c964	4
V0GC_c7f3011182ce91be	1
V0GC_c7fb05b26a74ae11	4
V0GC_c80e87575de60eca	5
V0GC_c81e86b07f695868	4
V0GC_c84ab222de814859	5
V0GC_c84b9886753b52bf	2
V0GC_c84dcefc3a497f5e	5
V0GC_c85c323ab523f167	4
V0GC_c86528eb46e36d8d	3
V0GC_c86b87e0b459094a	2
V0GC_c886cd93a41d3b84	4
V0GC_c896fd12b334ec3b	4
V0GC_c8a4d49d2e5bef6f	2
V0GC_c8a6434ba8f7cacf	4
V0GC_c8a6c0e917bcb419	1
V0GC_c8ac3b3c3f5bfbc1	5
V0GC_c8b02c7a77014553	2
V0GC_c8b60930a427967a	5
V0GC_c8eaa3a7a95908ea	5
V0GC_c8f5d7ff950c4dd8	3
V0GC_c91c7a9f6f32bdd0	3
V0GC_c9287bd0ba485d41	4
V0GC_c9332bbb2c98ce01	5
V0GC_c9374541edd6fedd	5
V0GC_c9391657b4259290	1
V0GC_c942cbfd0c5edc6a	4
V0GC_c97b8ab996399b40	2
V0GC_c98d5b12279dea68	2
V0GC_c9b0c119c48d7ea5	1
V0GC_c9b68136ceab0a7a	2
V0GC_c9c1b12224e9be51	2
V0GC_c9c555a45415d572	2
V0GC_c9caaf92f02a113b	1
V0GC_c9de4284de1e3bca	3
V0GC_c9e8e83b0ac84b6a	2
V0GC_c9fbcedc3bca669f	4
V0GC_c9ff7bb070f9d43b	4
V0GC_ca2890080b52f7f5	3
V0GC_ca3333eb42029413	4
V0GC_ca35150081ff3083	2
V0GC_ca3e15479f81bb74	3
V0GC_ca49fff74806ecd2	1
V0GC_ca617f26b9abeb32	1
V0GC_ca769870925694db	3
V0GC_ca7863fc4bfea097	5
V0GC_ca85bbe72cf4972d	4
V0GC_ca8ea434df9d7735	2
V0GC_cad15c4ecacad0c6	1
V0GC_cad60cb1d397d56a	4
V0GC_cad71a366633e9eb	3
V0GC_caef4ba82f27118e	3
V0GC_cafcca3cd6d35eba	2
V0GC_cb014b45359609da	3
V0GC_cb085612613086e6	2
V0GC_cb14886f7c93db4d	1
V0GC_cb17884e4d9bca37	2
V0GC_cb24ea79e26d19fe	2
V0GC_cb2f6eeaef5f11bc	1
V0GC_cb30cfda5ffb60b6	4
V0GC_cb3155002f9b38af	2
V0GC_cb32053f3cfd70a9	5
V0GC_cb373ebdca1cb79c	3
V0GC_cb3b7e4c59e9275f	5
V0GC_cb42b063c033d4ef	5
V0GC_cb6f02a920ec318e	4
V0GC_cb9494ba2b4cc483	3
V0GC_cbaee186fba21329	3
V0GC_cbb176ca61f9671e	5
V0GC_cbb3cca46bd16e2f	2
V0GC_cbc09411d5f117af	4
V0GC_cbca22298c3197ae	3
V0GC_cbcd85ce274a3d70	3
V0GC_cbd3ab0a36a7841e	4
V0GC_cbd5ae137856cf3a	1
V0GC_cbda4c818db5e8d3	4
V0GC_cbf879c3597a1d61	2
V0GC_cc0296faaf7461d4	5
V0GC_cc04b32f76e460aa	5
V0GC_cc13bf484ba8c9d2	1
V0GC_cc24e980c9d9b7c5	5
V0GC_cc274908d5b14ad0	3
V0GC_cc39024c2bcabbb5	1
V0GC_cc44b57ce116939b	5
V0GC_cc5e76e12ed7dcd0	4
V0GC_cc69401c7b5688e1	3
V0GC_cc6a635fe3e5b070	5
V0GC_cc7acea2971b94b7	1
V0GC_cc8c348796f3dab4	3
V0GC_cc8cbec6e780566b	5
V0GC_cc9870c877a5fbbe	5
V0GC_cca36dabb8689485	1
V0GC_ccb6e4b439426e05	3
V0GC_ccc8c01f1fc04ec0	3
V0GC_ccd790905c7bb618	5
V0GC_ccda3c1f8e039823	4
V0GC_ccf71037368ec43b	2
V0GC_ccff8b341dc2b413	2
V0GC_cd15514767de2591	3
V0GC_cd1b60512a4f3075	5
V0GC_cd1bb3be45074075	5
V0GC_cd1f7e64fde340ea	1
V0GC_cd2232b904cc8053	1
V0GC_cd2c5af3ce81c7c5	3
V0GC_cd34bf4fa671c829	2
V0GC_cd67be06506fb681	2
V0GC_cd74fe4176283d48	2
V0GC_cd75101513ca64f2	3
V0GC_cd7b3e20c4b4f030	3
V0GC_cd96d04cb60be80f	2
V0GC_cdabf6b7d2489f90	2
V0GC_cdacb9fa6484af2f	3
V0GC_cdb33e95c1463099	1
V0GC_cdb682a71197117a	2
V0GC_cdb87f19f8a714f4	2
V0GC_cdd3246a2c170328	1
V0GC_cde510bbbdfe7b1c	5
V0GC_cdea752ef0550c68	4
V0GC_cdedf3ce31259144	1
V0GC_cdf7de18fb990292	5
V0GC_ce00ea0a89a9f388	3
V0GC_ce0722560d0d5be1	2
V0GC_ce0ebd2ea3ccaa07	5
V0GC_ce0ee7f15debe600	3
V0GC_ce1b0c0a58c01951	5
V0GC_ce1c341bab0ee241	4
V0GC_ce27ba0ea660533e	4
V0GC_ce37b3c248a54f2d	4
V0GC_ce430f17c68ff981	4
V0GC_ce51de34674b0ccd	4
V0GC_ce5bb80a5db2b3fd	4
V0GC_ce6966c6dc3dae57	2
V0GC_ce6a1caa1ba5039e	1
V0GC_ce73047e405a7f0a	2
V0GC_ce73f3787fb92109	2
V0GC_ce7522357150105c	1
V0GC_ce780cffe0a1ec4e	3
V0GC_ce78c69ae0c513c1	5
V0GC_ce89f3cf9c0e7b1e	3
V0GC_cea7168d359c7a03	4
V0GC_ced04d870b3bdbd8	3
V0GC_ced57d619904ad3e	4
V0GC_cefa2943f70aa1df	4
V0GC_cf2809ca5078acd1	1
V0GC_cf2e2442459ee5da	3
V0GC_cf340a902f60580f	4
V0GC_cf382e32289f20ba	4
V0GC_cf38644672996062	2
V0GC_cf3bca00769f4929	1
V0GC_cf43ea49af009e4d	3
V0GC_cf47b37885272aac	2
V0GC_cf52aa80887b72af	5
V0GC_cf584d786a8851f2	5
V0GC_cf5b8dedaa8c5b3e	2
V0GC_cf5c8190f38d94d8	4
V0GC_cf68636c02405da4	2
V0GC_cf6e08023af89ba0	3
V0GC_cf7245839cc60b48	3
V0GC_cf76399da32213f9	4
V0GC_cf868f46a25fd8cf	1
V0GC_cf9541c5c49ed547	5
V0GC_cf9d16ed72d9a961	3
V0GC_cfa22fd02959837f	4
V0GC_cfa2936f162c23e4	4
V0GC_cfa306d9ca229dd1	3
V0GC_cfabafddd82462bb	3
V0GC_cfba0db7f1de4941	3
V0GC_cfc42b4e1d2aa4d9	3
V0GC_cfc59d3a987e0785	2
V0GC_cfe0641cb0c02c0f	5
V0GC_cff1a1723ef69f71	1
V0GC_cffc81176cf04e5d	3
V0GC_d0046011859dde73	5
V0GC_d023ce0c6ad54b42	2
V0GC_d032c2b3ca1d6861	5
V0GC_d039c43ff1313da6	3
V0GC_d040586a8b5e79e2	2
V0GC_d0423570cee2982c	4
V0GC_d04cafee0fdfd966	5
V0GC_d06b4eaf0a763a34	2
V0GC_d06edc8aebff0bd6	5
V0GC_d08ddb3e5ec94247	2
V0GC_d096856896802c67	3
V0GC_d09d6a6a4370cead	5
V0GC_d09ead65e7df353f	4
V0GC_d0afa7a311780684	4
V0GC_d0b8ab59294b3c79	3
V0GC_d0c587e2825d7f2f	2
V0GC_d0e91254410b7e94	3
V0GC_d0ecfdf453b6ef7d	5
V0GC_d0ed6aef9908fcd3	3
V0GC_d0f2c347ccce1ae5	4
V0GC_d0f4a29503839c76	5
V0GC_d0f56256f742bed2	5
V0GC_d0fb10cd7b502acc	2
V0GC_d0fffb460dadc989	5
V0GC_d1025214437d133e	2
V0GC_d10c042a0a007fb7	5
V0GC_d11b4e453f1a4fcc	4
V0GC_d12270e8efdffce9	5
V0GC_d132af1940b98714	4
V0GC_d134134a097ca91e	4
V0GC_d13ad1e389616de3	5
V0GC_d14347a229f43e32	4
V0GC_d154cc4ec7c60585	5
V0GC_d156e237703fc4f9	2
V0GC_d156f021da96922b	3
V0GC_d1675b0233341d46	4
V0GC_d16ccdbbe4bd2713	3
V0GC_d174cad3b871ff1f	5
V0GC_d18491cffdf882fd	5
V0GC_d189c9187e82f7d6	4
V0GC_d1a420ac318e7ba3	3
V0GC_d1b31e71d412c2dc	4
V0GC_d1b682b0cb594673	1
V0GC_d1c14a14c530f5d1	3
V0GC_d1db9030f172b56b	1
V0GC_d1e67a49ed174c59	5
V0GC_d206321f1ca22d15	5
V0GC_d20dc8578cd17659	3
V0GC_d2124d0149586ab6	2
V0GC_d21a9da0794add3a	3
V0GC_d21bf2d89affb1ae	4
V0GC_d22975ddcca208d6	4
V0GC_d230899db9bc6040	4
V0GC_d230ec9be38a7525	5
V0GC_d231aa4f3dfaa315	4
V0GC_d231d0acc48ee111	5
V0GC_d23ff59fca19f8d2	4
V0GC_d244a8b1c9d57fee	2
V0GC_d246ea8064db61f9	5
V0GC_d247c659451725ae	2
V0GC_d253937fa305f50d	1
V0GC_d25bc39d60df4673	1
V0GC_d265cb9220cc8e69	2
V0GC_d266337917e78ccf	3
V0GC_d277c0ed02286cfc	5
V0GC_d278e55a929ab6f4	2
V0GC_d27a96291eef5138	2
V0GC_d2888f2c8ec4d29d	2
V0GC_d2a0f93c2c0ffdcf	2
V0GC_d2a46eb1515ce2b0	3
V0GC_d2b5b38944f72914	1
V0GC_d2b685d8ca8498ee	3
V0GC_d2e4bb687c4d745f	1
V0GC_d2ea37d0bbd309e4	4
V0GC_d2f547c7c812b9e6	5
V0GC_d2fa44a31cc84bde	3
V0GC_d31c2643dfe02c36	4
V0GC_d3245e732f543a2d	4
V0GC_d3268a9437759401	2
V0GC_d327f6b67257be34	1
V0GC_d344cf7be2f1cedc	4
V0GC_d3480f63ca0840fe	1
V0GC_d35a5b950d4935c2	2
V0GC_d35bfc825179c6ef	2
V0GC_d361cae12869dd58	1
V0GC_d37ec46878523969	2
V0GC_d38617aa56f87dc1	5
V0GC_d398df6371a02470	4
V0GC_d3a6f54b4f27e2f3	5
V0GC_d3b15562ed1557b0	3
V0GC_d3b7716418af3bd9	4
V0GC_d3d143bf6eb27b1e	3
V0GC_d3d7e3de55386b68	3
V0GC_d3eb8f131014194b	2
V0GC_d3ec20e9f45513c7	1
V0GC_d3ec212d51bd455a	2
V0GC_d4009715f561e353	2
V0GC_d40a26ee39b5714a	3
V0GC_d42acaa2106b431c	3
V0GC_d43fb78bd0eff037	1
V0GC_d443c43aab881b34	2
V0GC_d45171cb3b342314	4
V0GC_d45b04d42b33d13b	5
V0GC_d46dc50a351944dd	5
V0GC_d4719751351e8bd3	4
V0GC_d47fe8a564616c2a	3
V0GC_d488d4ef02dc983c	3
V0GC_d4a80e3ddb425e5b	5
V0GC_d4bfc553bb266b81	5
V0GC_d4c9870c1623eda9	2
V0GC_d4daae111315e19f	3
V0GC_d4e8bfec726d6c55	5
V0GC_d5183a9412bd261d	1
V0GC_d52ad81019510598	4
V0GC_d54078080d2df027	4
V0GC_d552d39674d0a612	3
V0GC_d55c01c831f734f1	5
V0GC_d55dd1434b0b381c	2
V0GC_d5608eb5ef529825	2
V0GC_d5630111216d1719	4
V0GC_d5660ffa910d13d1	3
V0GC_d56cffb53f6cfcd9	2
V0GC_d5712e843e1f33b8	2
V0GC_d57c43ed18b532bd	4
V0GC_d5944fd8cdf78454	5
V0GC_d5a72ac5fab969a5	4
V0GC_d5afb7ea220d58bd	5
V0GC_d5d86d3fee986aa5	3
V0GC_d5e5b0a47ff4f79d	1
V0GC_d5e6abfe40ca608e	5
V0GC_d5f43e27d98cfe83	3
V0GC_d5fc5e965211e4c8	4
V0GC_d601d0a68ead7985	5
V0GC_d60632342103be40	2
V0GC_d614945a98460102	2
V0GC_d61f37d52a407e4c	4
V0GC_d649e5a10f86c660	3
V0GC_d64dd74224bcab7d	4
V0GC_d6567550ced485c4	5
V0GC_d65da38ff339580d	2
V0GC_d65e3e4124cde56a	3
V0GC_d661fad0b271eb9e	2
V0GC_d67b1df344662950	4
V0GC_d68007e313ca3269	3
V0GC_d685a0da8d865137	2
V0GC_d698f91c68bab966	3
V0GC_d6a6eda6ffb81f1c	2
V0GC_d6ae1edc3791afe2	2
V0GC_d6b33005b2137bbc	3
V0GC_d6bcec4f9f914f1c	3
V0GC_d6c709684a65cad6	4
V0GC_d6d3bf959bffa1c1	3
V0GC_d6daf05b8482d1e8	3
V0GC_d6ef64c85e192848	5
V0GC_d6f761735d18cee8	5
V0GC_d6ffe0c7ba1633d3	3
V0GC_d704391d73d18caf	5
V0GC_d71536bd3cc73cc5	4
V0GC_d717264bc9b0aa4f	3
V0GC_d71c5788391259f6	5
V0GC_d71e5afcff115cf9	2
V0GC_d73ae50d836af852	4
V0GC_d74aa62a8020d580	3
V0GC_d7552e8309cff8bb	1
V0GC_d7594f2229f4967b	3
V0GC_d762452b6e7a51db	2
V0GC_d7671014709f5401	5
V0GC_d76e038781910d68	3
V0GC_d77598dbac5b4b45	2
V0GC_d77dec2daa0a958b	4
V0GC_d77fc01c41e1d3d1	1
V0GC_d780d5f2ecd5e407	5
V0GC_d7870d54a7bf6bc3	2
V0GC_d7c160f024e53bb5	5
V0GC_d7d3bb77cc9e2c99	2
V0GC_d7e07c82016dcfac	4
V0GC_d7e2dc31d7a2a895	4
V0GC_d7e4b2c1c3129492	5
V0GC_d7eeb0d3b2c7a651	4
V0GC_d7f65e39af62acc6	5
V0GC_d8068d4b46f6ac1f	3
V0GC_d8133040f708fd99	4
V0GC_d8134dd2c50b8493	3
V0GC_d8181b5614d0d9c8	4
V0GC_d8183964dfdd3a49	2
V0GC_d81b52d8dc1bbc3f	3
V0GC_d8381a312c90a1f3	5
V0GC_d83fd6b4da4a6164	4
V0GC_d84717585d52a9d0	5
V0GC_d84bbdce5259750b	5
V0GC_d84e6b4f8e2da7c4	4
V0GC_d8519440b3722a86	5
V0GC_d853dfc2b06a1e28	5
V0GC_d85bff7faee066ca	5
V0GC_d8611e634e14c5ef	3
V0GC_d8814f4819f09a95	4
V0GC_d8838c0cd78e6f54	2
V0GC_d890a14ac01838e3	4
V0GC_d89c065112532b28	3
V0GC_d8a2a6ba84f9ca85	5
V0GC_d8a4351597154944	3
V0GC_d8a7406021b860e7	3
V0GC_d8a7d7e7f69aaeee	1
V0GC_d8b37b659c5f9251	3
V0GC_d8d51bfda33a6de5	2
V0GC_d8d5a445216019f1	2
V0GC_d8d65414c7771379	3
V0GC_d8d9cdc31188667f	4
V0GC_d8e3f9afe11aab43	3
V0GC_d8e890cbae0fa9b6	3
V0GC_d901aee50e7142d9	1
V0GC_d90241dc0de6d642	1
V0GC_d90ac1e7b2a32455	4
V0GC_d939653087794137	1
V0GC_d94e267e612739a1	4
V0GC_d95f473f45410d78	1
V0GC_d96d876cbc98eaf8	4
V0GC_d9775e6bba4caece	1
V0GC_d97d0b1eec6b7055	2
V0GC_d97e470598692c4f	2
V0GC_d982720085fb4335	5
V0GC_d9889a47b01c91ec	2
V0GC_d98bcf865ed6e433	2
V0GC_d98c223db39d614f	2
V0GC_d98dc5e873abb94d	3
V0GC_d997fbd147e7fafe	1
V0GC_d99f78a9845907a2	4
V0GC_d9ac2964f39f2d19	2
V0GC_d9ad45e6f712c2c9	2
V0GC_d9c1d85d94d555a2	3
V0GC_d9c52b0e035944fd	3
V0GC_d9c5a316be54b249	5
V0GC_d9cf825463e0f9d1	5
V0GC_d9d345099546d960	3
V0GC_d9d3d0cd9de26510	3
V0GC_da0618f3c403400e	1
V0GC_da0c9a6aa80e95bc	4
V0GC_da21e57d4dc2d1b8	5
V0GC_da2e0839269a53e4	2
V0GC_da3cb5ef06c612c4	4
V0GC_da83159000cb6b73	1
V0GC_da8bb4991f484ee8	5
V0GC_da8efa332f598c15	1
V0GC_daa31fcfb4263c3f	4
V0GC_dabdf7bcce811b71	4
V0GC_dabe00b9e567034f	3
V0GC_dad3775a4414a40e	1
V0GC_dad7328568bc3ff9	1
V0GC_daef4f50442c1fb1	3
V0GC_daf01a4f31c6f0d5	1
V0GC_db0474c4a9d1ec9e	3
V0GC_db0ca7489aa1c289	4
V0GC_db0fde8fd2edd76a	5
V0GC_db2adcbddd9d73fd	3
V0GC_db3b8ea31a3eebb6	3
V0GC_db44b825bba2f1fc	2
V0GC_db5832d9452224cb	4
V0GC_db5c6495f5ba1b05	4
V0GC_db673a82d1810460	4
V0GC_db753e8e81320414	4
V0GC_db7c67c459f5f4c9	2
V0GC_db8ddf177253e56a	2
V0GC_db9fdf3e26ca0e21	3
V0GC_dbacc48e3535e56d	5
V0GC_dbb255fddc8c47f8	1
V0GC_dbc2d285b85bfa3b	5
V0GC_dbcff6aa8c49dc65	1
V0GC_dbde03d45acf29d2	1
V0GC_dbe5255e6639f9ce	1
V0GC_dc00b3649aaa52c7	4
V0GC_dc15f0e38c7863b0	2
V0GC_dc19277e21fa70e3	2
V0GC_dc1d75236d44c3d0	5
V0GC_dc2b83f1545a3c05	2
V0GC_dc3504cc00f5c708	4
V0GC_dc4a406a180be45b	4
V0GC_dc530a0556ea40d9	1
V0GC_dc54f9013570e133	3
V0GC_dc687ddcda546180	1
V0GC_dc7c8081a1f147eb	2
V0GC_dc8876b19f5a8adf	5
V0GC_dc9910ca2ae95f99	1
V0GC_dca0692e778c94e8	1
V0GC_dca332932a9db9c7	4
V0GC_dcba54d34bc24987	5
V0GC_dcbaa2bfb6b93e22	2
V0GC_dcc8c169bd4a7138	4
V0GC_dcd0c079eae80454	3
V0GC_dcd2ddad61c1fd5a	5
V0GC_dcd5d9fee959c46f	5
V0GC_dcee08602156d39d	3
V0GC_dcfb4da069839bd8	5
V0GC_dd0a9690cb124945	1
V0GC_dd35998a1ace7adc	4
V0GC_dd4688b3b5295aec	5
V0GC_dd4b5898fcec1d7e	3
V0GC_dd4ceeb1bbd1d5de	1
V0GC_dd539d31134aadcd	2
V0GC_dd6861630df6e794	5
V0GC_dd77f491a8bbe84b	2
V0GC_dd87686a401ecbd6	3
V0GC_dd8ea7b036238b29	3
V0GC_dd8fe9831996aee0	5
V0GC_dd9fc5082644ecd6	5
V0GC_ddb1103756d15120	4
V0GC_ddd60e08dd3e7ab8	3
V0GC_ddde18190d92df48	4
V0GC_dde00c6e1721e9e4	2
V0GC_dde699050698cb9b	3
V0GC_ddea0617a2be5cf2	2
V0GC_ddf7ac2f8c19f47b	4
V0GC_de0a5ea456037de7	1
V0GC_de0b85662e4afa10	2
V0GC_de142620774a9734	2
V0GC_de268c0dd4c8c522	2
V0GC_de29dc72b8044555	3
V0GC_de2ab14a1e82d828	5
V0GC_de30b7dc9e7b789a	2
V0GC_de3958e31d5d4022	3
V0GC_de3ae8550d10d446	3
V0GC_de3c4dd67789f675	1
V0GC_de3fc135a3e1da04	1
V0GC_de53beb1d94cd89b	5
V0GC_de5ef9c27de2d7dc	5
V0GC_de8e3f7f5af4eec2	5
V0GC_de8ed504f023d78d	5
V0GC_de9038ab42f2d3d6	4
V0GC_de971b6a79262b0a	2
V0GC_de9f8353252c9677	4
V0GC_dea99d2075a531a4	5
V0GC_deda9a572028668f	3
V0GC_deefb1018e522a38	1
V0GC_def14d94dfbc489f	2
V0GC_def4c2c2291ec90e	4
V0GC_def80777f61754f6	4
V0GC_defa5acfad3b9010	2
V0GC_df26309e5de2f7f4	1
V0GC_df2713252db67c1d	3
V0GC_df310d82c832bac6	3
V0GC_df38890409d0a6c5	4
V0GC_df55e8f104f5fc5f	2
V0GC_df6d1f19a17ebf63	5
V0GC_df715091391f3a81	2
V0GC_df84572065f0810a	1
V0GC_df962a1b080c8dcb	4
V0GC_df96c25060526594	2
V0GC_dfa5322e4cc2452b	1
V0GC_dfb6dc752bed96b3	2
V0GC_dfc11f86660a7ed8	4
V0GC_dfc1ec8213bbcf84	3
V0GC_dfd6f0e1382ec000	3
V0GC_dfd8dfb0a9f50596	4
V0GC_dfeac3cece692be0	3
V0GC_dfebb3aa7a8cce3d	2
V0GC_dff5864d42fdac10	1
V0GC_e00351670bf64566	2
V0GC_e0058dd4af7f95d9	5
V0GC_e033ad3744b3b308	4
V0GC_e03473609b759bf7	5
V0GC_e0451ae521832780	5
V0GC_e04549db901f5033	2
V0GC_e05683fca8c686d9	2
V0GC_e0579534ff166e07	1
V0GC_e06c6c784e634a04	4
V0GC_e07ce43a500a6208	2
V0GC_e08c08ace90cfc1c	3
V0GC_e08ef7cefc41c1e3	2
V0GC_e090f3d887e40315	4
V0GC_e096097a287b327a	4
V0GC_e0a68f657418e69a	3
V0GC_e0cef8fb033d67b7	5
V0GC_e0cf944a61166a94	2
V0GC_e0e9013336d491f0	3
V0GC_e0f094c082385189	1
V0GC_e0f627c24769a5a8	1
V0GC_e101de20bde30167	2
V0GC_e10d92c9398fa84c	4
V0GC_e11c38e5e059231e	3
V0GC_e123339f2fc89bb0	4
V0GC_e1351b1bf2dc40d5	5
V0GC_e135325e5be00e88	2
V0GC_e13b9422f230f980	5
V0GC_e13bdfb4415d9dfe	1
V0GC_e13c29bf3308ef7c	5
V0GC_e159d85046fb389c	5
V0GC_e15cddd675748a0b	5
V0GC_e16543f9d072038f	4
V0GC_e17717355b80f57e	1
V0GC_e17aec67d46b75c8	3
V0GC_e194d0b7b15f432b	2
V0GC_e1a19096ff2cc261	3
V0GC_e1ae0406181e661f	2
V0GC_e1aeb839a5df2f33	4
V0GC_e1b6ea1d512e6290	3
V0GC_e1bb86191db79417	3
V0GC_e1bd48432c015b28	4
V0GC_e1c91b739fd8c260	2
V0GC_e1d4bbb8f6f36c54	2
V0GC_e1d536f6ba8db088	5
V0GC_e1f1d29198aa0e77	5
V0GC_e1f706975539c23d	3
V0GC_e1fc6de48094f7ec	1
V0GC_e210d0f9be830528	4
V0GC_e22c320223f62501	3
V0GC_e232020a153ad3bc	4
V0GC_e233567f1d0c1e2a	3
V0GC_e237648cf8449c12	3
V0GC_e23a5588fc2084fb	4
V0GC_e242b8abe3783382	2
V0GC_e244553fcf711c7a	2
V0GC_e251265c19dfb428	3
V0GC_e256d4c14c0ba5a8	2
V0GC_e25d5091f6070abc	1
V0GC_e2773fdc821b03a0	5
V0GC_e27bf3b7358a6e87	3
V0GC_e27d3d2114059991	2
V0GC_e286699e6658886b	4
V0GC_e287ff36552d81db	4
V0GC_e29abd58ce7332b8	4
V0GC_e29c8267d0e09693	2
V0GC_e2a72f36e37f3265	2
V0GC_e2b0ea726d530776	5
V0GC_e2b1888209d26069	2
V0GC_e2b2a98b3b59cd2d	4
V0GC_e2cece37ace2c397	4
V0GC_e2cf80c5379a2520	5
V0GC_e2d0a29a8f0d5fec	5
V0GC_e2d0de750aaabf69	2
V0GC_e2d19479e98bd73b	2
V0GC_e2d38f62ed7d5f7f	5
V0GC_e2dc34efddbd5054	4
V0GC_e2df9ed68de72570	5
V0GC_e2e18d66ea96b849	4
V0GC_e2e29d890dc71f61	4
V0GC_e300ebe60d7050a2	5
V0GC_e308dbb83e21df3f	2
V0GC_e31eef5e4e38cf81	2
V0GC_e3398061f83aed0b	5
V0GC_e34415dcd4fa6592	1
V0GC_e34eac7641c150b3	4
V0GC_e35d377cf94b514a	3
V0GC_e36520758751a6c4	5
V0GC_e36556408ad0ce2b	3
V0GC_e38d1ed3f38f0337	2
V0GC_e38f8ca00a2878d5	3
V0GC_e39fb3a11bbe1baf	4
V0GC_e3a0e8b9d798c462	1
V0GC_e3bd90f60ef27c78	5
V0GC_e3c5153a057b004b	5
V0GC_e3d68f7785376918	4
V0GC_e3e675cca7ccdde1	2
V0GC_e3f099dd814cdb80	3
V0GC_e3f695c1a26f4028	4
V0GC_e4028b4be278b365	4
V0GC_e41cb0f7a8efe879	2
V0GC_e41df8cf29c0731f	5
V0GC_e42d036241629acc	4
V0GC_e43bd80cc8cdbfc4	4
V0GC_e43fede7a3cb5240	5
V0GC_e4468f3a1211d81e	3
V0GC_e470ff418767a382	3
V0GC_e4778e34027e623f	4
V0GC_e4826b97ea4904b2	5
V0GC_e493f1022a701cb7	2
V0GC_e499d63ff48127ad	4
V0GC_e4abd7a7f5ee9eeb	5
V0GC_e4b0cc09b5c775bc	1
V0GC_e4b119249b799052	2
V0GC_e4c6c461a7427c0f	1
V0GC_e4d2b037ee2b67af	2
V0GC_e4d52ab5a21f0ec8	5
V0GC_e4e2a6fad4fb3840	3
V0GC_e4e718f0dcd141b0	5
V0GC_e4f18994f9c6e1b0	1
V0GC_e52f927af1f63342	4
V0GC_e532d370a7bd8bd0	5
V0GC_e534181095ef57bf	1
V0GC_e541044c1b390ff7	5
V0GC_e54573efb6b8f4f4	5
V0GC_e549125d370ccd79	2
V0GC_e54e2bf920c932b0	4
V0GC_e5518b1f6cb809a9	4
V0GC_e553c99b10f72ebd	4
V0GC_e559f60c0e3fdd2b	2
V0GC_e55e87f1e65a6cb6	2
V0GC_e57035a6a57e4070	3
V0GC_e571b8112efdf7d1	3
V0GC_e597eb73402f503d	3
V0GC_e59bb82fa2b03e27	4
V0GC_e5be6ffd3cf34e01	1
V0GC_e5cc6dfb150f7ea6	1
V0GC_e60031a0fb9f4908	5
V0GC_e6118e24147060c8	4
V0GC_e6206f6200ed24b3	2
V0GC_e621ecc2aa6c41bf	3
V0GC_e63389c64bf9aecf	2
V0GC_e63de9712764a341	3
V0GC_e6875a5765eaecb9	4
V0GC_e69b2644e323a678	3
V0GC_e6afa2a2365f6696	5
V0GC_e6bbe7a9a675fb24	3
V0GC_e6c44f04a29f4381	5
V0GC_e6c823c7d1eb8859	3
V0GC_e6f0a94b64025c8a	4
V0GC_e6f3cbb89565cc65	1
V0GC_e6fe75e81316c661	5
V0GC_e717c91d6623835b	1
V0GC_e71bd605cc92d5f0	3
V0GC_e72277debad6be98	1
V0GC_e7375835dc72f8f7	2
V0GC_e748444218de40ed	1
V0GC_e755d2a693ad8dbd	5
V0GC_e77cecb071be69f4	2
V0GC_e78d2413a1e27b3f	4
V0GC_e797964fcdfb67a5	1
V0GC_e7b0245e927850d6	5
V0GC_e7b10ad55ace446e	5
V0GC_e7b9507b6a718892	4
V0GC_e7ba0c3c3ee05441	5
V0GC_e7f0a3fbf86498e7	1
V0GC_e7f64b276caa854b	2
V0GC_e805a5b19f6c2665	4
V0GC_e808e981f01c543f	1
V0GC_e8160894a060e1db	2
V0GC_e8233bd6188d204a	4
V0GC_e82ee24ee3437fe3	5
V0GC_e839107d1d5a3ed2	3
V0GC_e83a9439270e5b01	2
V0GC_e8480b2476be0150	3
V0GC_e8487db9e4042181	4
V0GC_e85b9ea07d99b253	5
V0GC_e86b3f672cd6c7c5	3
V0GC_e872264a7718f85f	3
V0GC_e875bcb9899032cd	4
V0GC_e876dedcd34111bc	5
V0GC_e87ffc35237f60b6	4
V0GC_e89bbefe8ade4e97	1
V0GC_e8a1b5e9411c4095	1
V0GC_e8a8f0b0dc3fda6e	2
V0GC_e8dccb156b565490	3
V0GC_e8f0f6193b66e7da	3
V0GC_e905e3a0936a2c4f	4
V0GC_e91e8eec8322bd2e	3
V0GC_e9224a0030fe6daa	2
V0GC_e950f77fc92681af	3
V0GC_e97e020384ca6258	3
V0GC_e9836726678f0c0d	4
V0GC_e997f4b28c268cd5	3
V0GC_e99e80c24b497681	5
V0GC_e9b8f558d8d728c9	4
V0GC_e9cbbcceebfa826c	4
V0GC_e9cd59d31cd1553d	2
V0GC_e9ed85bd75db9b23	4
V0GC_e9ee7294af9ee3a0	1
V0GC_e9f35c7440667763	3
V0GC_e9f3d33fae5ab7fc	1
V0GC_ea0b830d47597d22	2
V0GC_ea2285e21ee28974	2
V0GC_ea2c323df0fffcbd	2
V0GC_ea2e1e7f0fb545fd	2
V0GC_ea3404f3fe19c9a5	4
V0GC_ea3fb9afd10fa2d4	5
V0GC_ea4346566ccee567	4
V0GC_ea48d85df460ea0e	4
V0GC_ea4af7c35fe5cfac	3
V0GC_ea555b9cf785be10	4
V0GC_ea5cb7fe35b8ac95	5
V0GC_ea84014a42990be7	5
V0GC_ea86c8b9b1d2e967	1
V0GC_ea9b5eb848007b6b	4
V0GC_eaa69074568e50cf	2
V0GC_eaa839d542171604	5
V0GC_eab19624b1ee8074	2
V0GC_eab54af1649a4ff3	5
V0GC_eabc601b73c6cfa6	5
V0GC_eabdaf7167503f45	3
V0GC_eac6a98196ecec04	3
V0GC_ead745e93f3e365b	5
V0GC_eae93b7df3528221	4
V0GC_eaea125fe70c488b	3
V0GC_eaec63b7b63c96f5	4
V0GC_eaefc566acdf9eb4	4
V0GC_eb16d8fa27c5d36e	5
V0GC_eb18ce6808ec26d1	5
V0GC_eb1d1bfaa35162de	2
V0GC_eb2598e628ad96cc	5
V0GC_eb3e4bfaa5bd4fc2	5
V0GC_eb3eecf73d10d1bf	3
V0GC_eb4329eef41e3357	1
V0GC_eb5474a1252cf1fc	4
V0GC_eb5b5f844d5461c2	4
V0GC_eb5e6c0c719c8241	4
V0GC_eb766577e3175b98	3
V0GC_eb7d82c020538399	5
V0GC_eba7e8cd1f1f264a	4
V0GC_eba802fe25029561	5
V0GC_eba86f85adbbf89b	3
V0GC_ebc33e47ce127324	2
V0GC_ebe6329b3aadc498	2
V0GC_ebf9a196158c7ee6	3
V0GC_ebfcfa2833981063	2
V0GC_ec08e273d2d6dd10	2
V0GC_ec0e76e2f075ff32	2
V0GC_ec20da3227cf6283	1
V0GC_ec237dd888622431	2
V0GC_ec2b7a2d3a9073f0	3
V0GC_ec2f0e03b70026e4	5
V0GC_ec316b6ebf066161	1
V0GC_ec39b295230f685a	2
V0GC_ec3c6855e06b09b2	3
V0GC_ec3c790a151459bf	5
V0GC_ec40a935e756513e	3
V0GC_ec61499c50a684de	2
V0GC_ec667662011800d1	4
V0GC_ec678323c8f9eb8f	2
V0GC_ec7685cdd413fab3	2
V0GC_ec874d2f565c91eb	3
V0GC_eca8f018705b04c9	1
V0GC_ecbd12d5b9236254	3
V0GC_ecd148ddbda1ae41	4
V0GC_ecd38521c0ba9114	1
V0GC_ecd75b5b61d99029	4
V0GC_ecd9b01a9ad19633	2
V0GC_ecdb33922568a21b	4
V0GC_ed08fee053262cb0	5
V0GC_ed0a3194f67e7216	5
V0GC_ed1a0d9e061a8b48	1
V0GC_ed1c687fff90e8df	4
V0GC_ed39990f86aa1241	3
V0GC_ed4272b2c89d9620	1
V0GC_ed6a30d43df86747	2
V0GC_ed76f7c42cdf4b78	4
V0GC_ed770bb1d5fc129c	2
V0GC_ed836694994bec1a	2
V0GC_ed938be2ed622867	2
V0GC_edaaa72cbbf4410b	3
V0GC_edae7b0d25de3703	3
V0GC_edb425161a6b139c	2
V0GC_edc0f00b947de8ba	4
V0GC_edca37a67a9855d6	2
V0GC_edcd85bd1fecb6d1	3
V0GC_edd84d7f542bcf3e	2
V0GC_eddfc2a3d7f30d04	4
V0GC_ede768ae9a037fe1	1
V0GC_edfb57dee1a8493f	1
V0GC_edff9cc47debe7cb	2
V0GC_ee015bc2b62ebe71	1
V0GC_ee0170ce8c96e47b	3
V0GC_ee0bc444475de4ee	3
V0GC_ee275b8d831f8f62	1
V0GC_ee38daecc6386ee9	3
V0GC_ee42efc372a6bc2f	1
V0GC_ee47088c3cbd06bf	5
V0GC_ee4a809700c4cb9a	1
V0GC_ee4e85075b0b7341	4
V0GC_ee68097214eb2701	1
V0GC_ee6d6d68402546bc	5
V0GC_ee711d77225a23ec	4
V0GC_ee77c6e67823028e	4
V0GC_ee8271c783364806	4
V0GC_ee8b9e13315fa51b	3
V0GC_ee92c95db353e7bb	2
V0GC_ee9f617b382e792d	3
V0GC_eec974cd74b4aa1d	4
V0GC_eeca55f81cd6b11f	1
V0GC_eed56793deb2e1b8	2
V0GC_eee1fb091b3fc4bc	5
V0GC_eeeda5b7c7b5772f	2
V0GC_eef533de6c2e2c7d	4
V0GC_ef34fec53cf118c5	3
V0GC_ef48379a86279e8a	5
V0GC_ef72f7ea7b19418b	1
V0GC_ef9a2335818f7936	2
V0GC_efa964e74645c7c3	1
V0GC_efab3b1999515a14	2
V0GC_efb6cb843001fc89	5
V0GC_efc2a82081343c82	3
V0GC_efc7d54e2fee002f	3
V0GC_efe0400f82b09c76	5
V0GC_f01a02a53dcf4e99	5
V0GC_f01b8739dd43ed1a	5
V0GC_f027b2da2dd9f50f	4
V0GC_f0381099651090f1	2
V0GC_f0581ac8f59f2c86	5
V0GC_f058a924789ac1b4	4
V0GC_f064f4ea68de6dc9	4
V0GC_f06ce22415b87122	2
V0GC_f072b60ae5fa65d8	2
V0GC_f0901d71af839900	3
V0GC_f09dee23a3a37bd9	3
V0GC_f0a1c4065e23ca0d	3
V0GC_f0a928d6985c347f	1
V0GC_f0bcbc2fe5fa9787	5
V0GC_f0c8febec0488bda	3
V0GC_f0cec87d010fe839	3
V0GC_f0daee46b727dec0	5
V0GC_f0f23257e0b1988b	4
V0GC_f0f2a0ad1f6dda77	3
V0GC_f100084562ca3cf4	5
V0GC_f120cf89854ad733	3
V0GC_f12730135fed4680	5
V0GC_f12b8266fc28b4e3	1
V0GC_f12d19d59bb2b714	3
V0GC_f13556569c48996b	4
V0GC_f13fb423fea937de	2
V0GC_f141e5a9a85d176a	1
V0GC_f1427ad5ca3f5390	4
V0GC_f153a10c33377309	1
V0GC_f153cbe242702ed2	5
V0GC_f157d225ea79225e	5
V0GC_f15cc28f1f84cc0f	5
V0GC_f163c5dbcc6cbc3b	2
V0GC_f17aa9d8393c8be0	4
V0GC_f17cc38bf54763c8	4
V0GC_f184b96eca3b913c	4
V0GC_f18855108a9261ea	1
V0GC_f1a5faeb82e93aa9	2
V0GC_f1ab8d898804a3ac	3
V0GC_f1b4697f4f474a59	2
V0GC_f1c042c00404d142	2
V0GC_f1ceba4d39fe9f38	4
V0GC_f1d55fcf3e12ff8e	3
V0GC_f1d8027758b768b3	4
V0GC_f1e22b1d86a03b93	4
V0GC_f1f948eb5cf7829f	3
V0GC_f2062611f0169067	2
V0GC_f20bbe52fb1b8914	5
V0GC_f215ac2c9f3ff924	4
V0GC_f21f92a5681190ff	4
V0GC_f22133f2aad92b7c	1
V0GC_f2236e22c939210b	5
V0GC_f224ad961eace99c	2
V0GC_f22549417cf0c235	2
V0GC_f22c75f073bc6600	4
V0GC_f25ad23dce8ccb0a	3
V0GC_f260add73bc3e5d8	1
V0GC_f26a6dba928af618	4
V0GC_f26d8797b9a5f457	5
V0GC_f28d9e7cd75f60c1	5
V0GC_f29f8acdc27a5b15	4
V0GC_f2a3ac8f17025a07	2
V0GC_f2ad04be9553e91c	1
V0GC_f2be5702bf9b0911	1
V0GC_f2cae0301db79c63	1
V0GC_f2cdb273c142d57b	1
V0GC_f2d6d0e2bf113808	1
V0GC_f2e284dfb0f43431	4
V0GC_f2edd40f2ad0e1a0	4
V0GC_f2f1b0012b3107e3	1
V0GC_f2f20af506a1b549	4
V0GC_f300786550d35ad4	3
V0GC_f303fc46fa82b1ea	4
V0GC_f3119e4b77cace76	5
V0GC_f31f107cd7c7c255	1
V0GC_f365f3159d7cd7cb	2
V0GC_f375614de3c28f83	2
V0GC_f37f08a88ccf5de4	3
V0GC_f38183f25f4750b6	5
V0GC_f39ae2e4afe086de	4
V0GC_f39d05ae0a654377	4
V0GC_f3a46bcf362a62a3	2
V0GC_f3a5be9beebcc223	2
V0GC_f3b090fbe0de789d	5
V0GC_f3b602f46ed02850	3
V0GC_f3ba88817318a188	4
V0GC_f3bad11ac1fe8cf9	2
V0GC_f3c2670095f69669	2
V0GC_f3cb5e1bc114a108	5
V0GC_f3d2cc806d004a97	3
V0GC_f3d761230065a3cc	4
V0GC_f3e7ea08e322847a	1
V0GC_f3f850b3120dd5b0	2
V0GC_f4196668a11f43d9	3
V0GC_f41df0429ab92130	5
V0GC_f43147fe73363f15	3
V0GC_f4318671f9c16a57	2
V0GC_f4489c8bb0b764d1	4
V0GC_f45642e26732d5db	3
V0GC_f45820cab0e975c5	3
V0GC_f47c6603960a5ee5	4
V0GC_f47dbdd0c46dddf8	1
V0GC_f47dcb498d120d42	3
V0GC_f48928bf43b2e44f	1
V0GC_f4920adb0f800ce8	1
V0GC_f4924487823ec8cb	1
V0GC_f495e2e51d17a357	2
V0GC_f49aec46ea5c2c61	2
V0GC_f4a5bf25f00f8236	5
V0GC_f4ac013c7cd2a43b	1
V0GC_f4bbb464ebdf7041	5
V0GC_f4c59493d5a0b787	2
V0GC_f4e37c7610b3b70a	5
V0GC_f4ffded66835905b	1
V0GC_f518335dfe189efc	5
V0GC_f51ffa616bd7e258	3
V0GC_f5252b0805202c9f	1
V0GC_f53a5d713674df86	4
V0GC_f5402ea9d0fbbaf9	3
V0GC_f54bb6ad2019775c	5
V0GC_f556750a52762496	2
V0GC_f55ed072c415021f	3
V0GC_f569a51aecee58d5	3
V0GC_f56a8b54b91ec0ee	4
V0GC_f575c12a93027956	3
V0GC_f57ad02b0601e34d	1
V0GC_f58af598d57cd619	2
V0GC_f59398a175b47136	3
V0GC_f597da7bf89928d5	5
V0GC_f59a6ac4e68901d3	2
V0GC_f59d043808619e53	3
V0GC_f5ac14c135d2113f	5
V0GC_f5aca49bc411021b	4
V0GC_f5b9594a2a6cace1	5
V0GC_f5c34f493dc3cf70	4
V0GC_f5c8ef3223621369	5
V0GC_f5ccba8745fa0e62	2
V0GC_f5d0df358b891efd	5
V0GC_f5d313100712853e	5
V0GC_f5d671dad06b41aa	5
V0GC_f5d865b97acd241f	5
V0GC_f5d8b75ed87856b0	1
V0GC_f5e17270cf9f6fc5	1
V0GC_f5eae0fc13afb5bb	4
V0GC_f5efb753ab6b36bf	2
V0GC_f5f2879134d32af8	3
V0GC_f5f916c6fcd03977	4
V0GC_f5fb0b93327e88bb	3
V0GC_f6084296f7399bd6	3
V0GC_f61fa9bc307f3573	1
V0GC_f6230ebfd0f6be0b	1
V0GC_f6231fd2efcdf6d2	2
V0GC_f62819d2629044d4	1
V0GC_f63b6f5e367f8c26	2
V0GC_f640c985d0a4a4dc	3
V0GC_f65a7d12909865a4	3
V0GC_f65f1881cdaa3d89	4
V0GC_f66c030e35c22244	2
V0GC_f6700d9b815ef384	5
V0GC_f673d9e11d42b8ee	1
V0GC_f674e329766e9a44	3
V0GC_f67ab1851ce9cdf7	3
V0GC_f67fc265f1c865c8	2
V0GC_f682f608e2bb10e1	5
V0GC_f68a38f9a47ea880	2
V0GC_f68d7cd107b0f66e	5
V0GC_f697eb16e8b8734c	2
V0GC_f69b9572fa3a7835	2
V0GC_f70ca3fe64ec4f2e	4
V0GC_f71bb54055805f17	2
V0GC_f71f182a38d412ec	1
V0GC_f74dc03a9088d2bf	3
V0GC_f7572128a7a99ef0	5
V0GC_f75a88884273c50c	4
V0GC_f769230946351ac0	3
V0GC_f76fed88e2f42306	1
V0GC_f77214505a7d611b	2
V0GC_f77d07547e46a786	1
V0GC_f78b1daa599e64a6	2
V0GC_f78b7ce039f8b927	2
V0GC_f78d574d561b8ad1	4
V0GC_f790fc1451310cc2	2
V0GC_f79dc362bb84f456	5
V0GC_f7a49c2772123a86	1
V0GC_f7a7726f758dccfa	1
V0GC_f7bc11bc2dd79eb9	2
V0GC_f7be8b4813fde758	4
V0GC_f7bef69e38231b6b	3
V0GC_f7bfc984b72c725e	3
V0GC_f7c0ac59ae23db1b	3
V0GC_f7cc8a2237a93056	4
V0GC_f7ccae58d8c0f46b	3
V0GC_f7d4afa329301b9f	5
V0GC_f7dedcc5299a4168	4
V0GC_f7e2c6f34a3d1ce5	3
V0GC_f803a41247e310ec	4
V0GC_f817cf399046c045	1
V0GC_f8255c97c4c228d9	2
V0GC_f831dca7cab082eb	3
V0GC_f831f4bafa5712b9	2
V0GC_f838816008a96b84	2
V0GC_f83b762790fc6a97	5
V0GC_f83df2dba0f8357a	1
V0GC_f842474e47829791	5
V0GC_f84d9f5ca919bc10	5
V0GC_f84ffaf75d8ec157	5
V0GC_f8567dd95ebd8de0	2
V0GC_f85ca76ddc094b00	4
V0GC_f861d27112f92d26	1
V0GC_f88acbf9acc79358	1
V0GC_f88ee062d871256a	5
V0GC_f891c1595f81217f	3
V0GC_f89d75024c265224	5
V0GC_f8bec5ba76361e32	3
V0GC_f8c75aea106588e8	1
V0GC_f8d0b7063d0b0503	5
V0GC_f8d183d2bf12dc7a	4
V0GC_f8f368e2456cdb4c	1
V0GC_f9025e647cb5ccf7	2
V0GC_f904f183ea9fcda7	4
V0GC_f905359e03ff0ca4	2
V0GC_f907b5b8f958c3b8	5
V0GC_f925357d70323251	4
V0GC_f92751ad194d585b	5
V0GC_f929763020ca80b6	1
V0GC_f92edb65cdf8295b	4
V0GC_f9374163fde62f29	5
V0GC_f94bb7b073c65f1d	2
V0GC_f97b48fbd8e4ae9b	2
V0GC_f986f2b3d243b82f	5
V0GC_f990f60e2a41dcf2	1
V0GC_f9b7df1b4bbaaf8d	3
V0GC_f9d279518f8960bf	3
V0GC_f9dc333ecb0b4a2e	3
V0GC_f9e5626606938107	1
V0GC_f9e839c296256f7f	5
V0GC_f9f055433e96bbee	3
V0GC_fa1ce2a3a6e14187	3
V0GC_fa237a38a49f94d7	1
V0GC_fa453f97a44c2c0a	4
V0GC_fa466a8db4fba146	4
V0GC_fa4692a1c404a65b	2
V0GC_fa4ee9a3fb3ebe46	4
V0GC_fa5a57accfeeea6f	2
V0GC_fa5b4fedcfa8e55f	1
V0GC_fa5c0cc01786a417	5
V0GC_fa7d9656582bb340	1
V0GC_fa837e30d360a486	4
V0GC_fa9cc28da5488035	1
V0GC_fab6a97e73e8e038	2
V0GC_faca32f6dad591de	4
V0GC_facc5a94c53aa1c5	3
V0GC_faf92d1d0794716a	3
V0GC_fb0354235e6dc08f	1
V0GC_fb08bdf6f9f6b440	5
V0GC_fb112271604c11ab	4
V0GC_fb15337331d51320	4
V0GC_fb18830fd160ef79	3
V0GC_fb19a1af108289b1	5
V0GC_fb330388899cc795	5
V0GC_fb3bfaf85528a0e3	4
V0GC_fb48bb7ca4462f22	5
V0GC_fb5b4032d4278d16	4
V0GC_fb83f8097cc2241d	2
V0GC_fb8a5ec740759dc1	3
V0GC_fb8c8ba2ea6f2f36	5
V0GC_fb8e9c093c3d897b	5
V0GC_fba7802fa18f414b	4
V0GC_fbb117d45b7f8004	5
V0GC_fbbbcd8ed77ee009	5
V0GC_fbc085df83226850	4
V0GC_fbcf38b8abd6f08e	2
V0GC_fbcfb0f7f8878e2c	3
V0GC_fbf31e37cf0a8066	3
V0GC_fbf59bfd997c9e46	3
V0GC_fbf786c0bf9049aa	5
V0GC_fbfc6c20e53787b2	2
V0GC_fc067a121c9ec5fd	2
V0GC_fc117858187236ee	5
V0GC_fc54cc1b9f26b428	3
V0GC_fc5ddc40d7a11c69	5
V0GC_fc6a6a5d5155e9cf	3
V0GC_fc85b530d014bf48	1
V0GC_fc87dab4b44ca3dd	4
V0GC_fc897fbf8c44cd94	5
V0GC_fca235f6b861223a	3
V0GC_fccabb5dcc3ccb4a	5
V0GC_fcd2bc84e5ae1f36	4
V0GC_fcd47d4c183392b0	4
V0GC_fcd57a98fbdfc486	1
V0GC_fcd90db40f9ea268	5
V0GC_fcebfc87fef7b6a0	5
V0GC_fcfff48e849666ac	4
V0GC_fd04b886e57d67a9	2
V0GC_fd1a267384491602	5
V0GC_fd21bebafc98ebb3	1
V0GC_fd25ec664fa6b4e7	4
V0GC_fd36b677ffe3252a	2
V0GC_fd424e54c67ddf90	3
V0GC_fd563dbc422846c2	2
V0GC_fd6ec0d48adfca4c	3
V0GC_fd77882cee5c160b	5
V0GC_fd7ff89fe82128d5	1
V0GC_fd8222c85a6237dd	3
V0GC_fd82d4d05c02a4d6	4
V0GC_fd86442cb206ec94	2
V0GC_fda98e73d68821bf	1
V0GC_fdaf6f20a3946233	4
V0GC_fdb2561f96e728a3	4
V0GC_fdb6ce933403882f	3
V0GC_fdbe8f4d8e29d03d	3
V0GC_fdebf615e11a8fb3	3
V0GC_fe06193ec9533476	4
V0GC_fe0757a9ea25bca8	3
V0GC_fe08341455eff5e7	5
V0GC_fe09f756b0557e3a	3
V0GC_fe1b93d33b81299d	2
V0GC_fe2de2dcf6043bba	1
V0GC_fe2e50988b80dbd6	3
V0GC_fe68d900b643dae6	2
V0GC_fe7a3b8d39d2feac	3
V0GC_fe7c919d9a1ede02	1
V0GC_fe7ef1f4fe6901d9	5
V0GC_fe84461787e698ec	5
V0GC_fe9bbbf1093c9dda	4
V0GC_fe9d6dc8edcaddd4	3
V0GC_fea57c8bd167a965	2
V0GC_feb79b5a8ddcc48a	5
V0GC_feb826820e16e1a8	3
V0GC_febcf8d8e7138c54	1
V0GC_fecffc71c1e31ee6	3
V0GC_fed13fca9c4ab925	3
V0GC_fedf006f9b58e1b7	4
V0GC_fee1ba59a7529d1c	3
V0GC_fee6847c640fd605	4
V0GC_ff0ae4e6279536a9	3
V0GC_ff0b899f7e9bdbb0	3
V0GC_ff1003b91a212258	5
V0GC_ff1091c64fc58591	4
V0GC_ff1d75657023f866	3
V0GC_ff308e9070317b26	3
V0GC_ff365360aba2cf5e	2
V0GC_ff3e06ed30245d52	3
V0GC_ff55a9459152c865	4
V0GC_ff6f4f1b7d5772ba	3
V0GC_ff789b29a6b464af	4
V0GC_ff938498d51c8c6d	4
V0GC_ffb904eef3f3fe54	4
V0GC_ffc2f53910813620	2
V0GC_ffccac98958eee14	3
